-- MySQL dump 10.13  Distrib 5.5.41, for debian-linux-gnu (x86_64)
--
-- Host: localhost    Database: estimation_db
-- ------------------------------------------------------
-- Server version	5.5.41-0ubuntu0.14.04.1

/*!40101 SET @OLD_CHARACTER_SET_CLIENT=@@CHARACTER_SET_CLIENT */;
/*!40101 SET @OLD_CHARACTER_SET_RESULTS=@@CHARACTER_SET_RESULTS */;
/*!40101 SET @OLD_COLLATION_CONNECTION=@@COLLATION_CONNECTION */;
/*!40101 SET NAMES utf8 */;
/*!40103 SET @OLD_TIME_ZONE=@@TIME_ZONE */;
/*!40103 SET TIME_ZONE='+00:00' */;
/*!40014 SET @OLD_UNIQUE_CHECKS=@@UNIQUE_CHECKS, UNIQUE_CHECKS=0 */;
/*!40014 SET @OLD_FOREIGN_KEY_CHECKS=@@FOREIGN_KEY_CHECKS, FOREIGN_KEY_CHECKS=0 */;
/*!40101 SET @OLD_SQL_MODE=@@SQL_MODE, SQL_MODE='NO_AUTO_VALUE_ON_ZERO' */;
/*!40111 SET @OLD_SQL_NOTES=@@SQL_NOTES, SQL_NOTES=0 */;

--
-- Table structure for table `auth_group`
--

DROP TABLE IF EXISTS `auth_group`;
/*!40101 SET @saved_cs_client     = @@character_set_client */;
/*!40101 SET character_set_client = utf8 */;
CREATE TABLE `auth_group` (
  `id` int(11) NOT NULL AUTO_INCREMENT,
  `name` varchar(80) NOT NULL,
  PRIMARY KEY (`id`),
  UNIQUE KEY `name` (`name`)
) ENGINE=InnoDB DEFAULT CHARSET=latin1;
/*!40101 SET character_set_client = @saved_cs_client */;

--
-- Dumping data for table `auth_group`
--

LOCK TABLES `auth_group` WRITE;
/*!40000 ALTER TABLE `auth_group` DISABLE KEYS */;
/*!40000 ALTER TABLE `auth_group` ENABLE KEYS */;
UNLOCK TABLES;

--
-- Table structure for table `auth_group_permissions`
--

DROP TABLE IF EXISTS `auth_group_permissions`;
/*!40101 SET @saved_cs_client     = @@character_set_client */;
/*!40101 SET character_set_client = utf8 */;
CREATE TABLE `auth_group_permissions` (
  `id` int(11) NOT NULL AUTO_INCREMENT,
  `group_id` int(11) NOT NULL,
  `permission_id` int(11) NOT NULL,
  PRIMARY KEY (`id`),
  UNIQUE KEY `group_id` (`group_id`,`permission_id`),
  KEY `auth_group_permissions_5f412f9a` (`group_id`),
  KEY `auth_group_permissions_83d7f98b` (`permission_id`),
  CONSTRAINT `group_id_refs_id_f4b32aac` FOREIGN KEY (`group_id`) REFERENCES `auth_group` (`id`),
  CONSTRAINT `permission_id_refs_id_6ba0f519` FOREIGN KEY (`permission_id`) REFERENCES `auth_permission` (`id`)
) ENGINE=InnoDB DEFAULT CHARSET=latin1;
/*!40101 SET character_set_client = @saved_cs_client */;

--
-- Dumping data for table `auth_group_permissions`
--

LOCK TABLES `auth_group_permissions` WRITE;
/*!40000 ALTER TABLE `auth_group_permissions` DISABLE KEYS */;
/*!40000 ALTER TABLE `auth_group_permissions` ENABLE KEYS */;
UNLOCK TABLES;

--
-- Table structure for table `auth_permission`
--

DROP TABLE IF EXISTS `auth_permission`;
/*!40101 SET @saved_cs_client     = @@character_set_client */;
/*!40101 SET character_set_client = utf8 */;
CREATE TABLE `auth_permission` (
  `id` int(11) NOT NULL AUTO_INCREMENT,
  `name` varchar(50) NOT NULL,
  `content_type_id` int(11) NOT NULL,
  `codename` varchar(100) NOT NULL,
  PRIMARY KEY (`id`),
  UNIQUE KEY `content_type_id` (`content_type_id`,`codename`),
  KEY `auth_permission_37ef4eb4` (`content_type_id`),
  CONSTRAINT `content_type_id_refs_id_d043b34a` FOREIGN KEY (`content_type_id`) REFERENCES `django_content_type` (`id`)
) ENGINE=InnoDB AUTO_INCREMENT=58 DEFAULT CHARSET=latin1;
/*!40101 SET character_set_client = @saved_cs_client */;

--
-- Dumping data for table `auth_permission`
--

LOCK TABLES `auth_permission` WRITE;
/*!40000 ALTER TABLE `auth_permission` DISABLE KEYS */;
INSERT INTO `auth_permission` VALUES (1,'Can add migration history',1,'add_migrationhistory'),(2,'Can change migration history',1,'change_migrationhistory'),(3,'Can delete migration history',1,'delete_migrationhistory'),(4,'Can add log entry',2,'add_logentry'),(5,'Can change log entry',2,'change_logentry'),(6,'Can delete log entry',2,'delete_logentry'),(7,'Can add permission',3,'add_permission'),(8,'Can change permission',3,'change_permission'),(9,'Can delete permission',3,'delete_permission'),(10,'Can add group',4,'add_group'),(11,'Can change group',4,'change_group'),(12,'Can delete group',4,'delete_group'),(13,'Can add user',5,'add_user'),(14,'Can change user',5,'change_user'),(15,'Can delete user',5,'delete_user'),(16,'Can add content type',6,'add_contenttype'),(17,'Can change content type',6,'change_contenttype'),(18,'Can delete content type',6,'delete_contenttype'),(19,'Can add session',7,'add_session'),(20,'Can change session',7,'change_session'),(21,'Can delete session',7,'delete_session'),(22,'Can add float model',8,'add_floatmodel'),(23,'Can change float model',8,'change_floatmodel'),(24,'Can delete float model',8,'delete_floatmodel'),(25,'Can add concept question',9,'add_conceptquestion'),(26,'Can change concept question',9,'change_conceptquestion'),(27,'Can delete concept question',9,'delete_conceptquestion'),(28,'Can add params',10,'add_params'),(29,'Can change params',10,'change_params'),(30,'Can delete params',10,'delete_params'),(31,'Can add number',11,'add_number'),(32,'Can change number',11,'change_number'),(33,'Can delete number',11,'delete_number'),(34,'Can add type',12,'add_type'),(35,'Can change type',12,'change_type'),(36,'Can delete type',12,'delete_type'),(37,'Can add user skill',13,'add_userskill'),(38,'Can change user skill',13,'change_userskill'),(39,'Can delete user skill',13,'delete_userskill'),(40,'Can add curr table',14,'add_currtable'),(41,'Can change curr table',14,'change_currtable'),(42,'Can delete curr table',14,'delete_currtable'),(43,'Can add concept',15,'add_concept'),(44,'Can change concept',15,'change_concept'),(45,'Can delete concept',15,'delete_concept'),(46,'Can add lazy user',16,'add_lazyuser'),(47,'Can change lazy user',16,'change_lazyuser'),(48,'Can delete lazy user',16,'delete_lazyuser'),(49,'Can add user social auth',17,'add_usersocialauth'),(50,'Can change user social auth',17,'change_usersocialauth'),(51,'Can delete user social auth',17,'delete_usersocialauth'),(52,'Can add nonce',18,'add_nonce'),(53,'Can change nonce',18,'change_nonce'),(54,'Can delete nonce',18,'delete_nonce'),(55,'Can add association',19,'add_association'),(56,'Can change association',19,'change_association'),(57,'Can delete association',19,'delete_association');
/*!40000 ALTER TABLE `auth_permission` ENABLE KEYS */;
UNLOCK TABLES;

--
-- Table structure for table `auth_user`
--

DROP TABLE IF EXISTS `auth_user`;
/*!40101 SET @saved_cs_client     = @@character_set_client */;
/*!40101 SET character_set_client = utf8 */;
CREATE TABLE `auth_user` (
  `id` int(11) NOT NULL AUTO_INCREMENT,
  `password` varchar(128) NOT NULL,
  `last_login` datetime NOT NULL,
  `is_superuser` tinyint(1) NOT NULL,
  `username` varchar(30) NOT NULL,
  `first_name` varchar(30) NOT NULL,
  `last_name` varchar(30) NOT NULL,
  `email` varchar(75) NOT NULL,
  `is_staff` tinyint(1) NOT NULL,
  `is_active` tinyint(1) NOT NULL,
  `date_joined` datetime NOT NULL,
  PRIMARY KEY (`id`),
  UNIQUE KEY `username` (`username`)
) ENGINE=InnoDB AUTO_INCREMENT=2 DEFAULT CHARSET=latin1;
/*!40101 SET character_set_client = @saved_cs_client */;

--
-- Dumping data for table `auth_user`
--

LOCK TABLES `auth_user` WRITE;
/*!40000 ALTER TABLE `auth_user` DISABLE KEYS */;
INSERT INTO `auth_user` VALUES (1,'pbkdf2_sha256$12000$htOJcr0gZbVt$3zQYAGwXFT3nZ2JagqMimwJAwvwVbo6i64k8Ee6TNDQ=','2015-04-03 16:35:32',1,'roman','','','stone99@azet.sk',1,1,'2015-04-03 16:35:32');
/*!40000 ALTER TABLE `auth_user` ENABLE KEYS */;
UNLOCK TABLES;

--
-- Table structure for table `auth_user_groups`
--

DROP TABLE IF EXISTS `auth_user_groups`;
/*!40101 SET @saved_cs_client     = @@character_set_client */;
/*!40101 SET character_set_client = utf8 */;
CREATE TABLE `auth_user_groups` (
  `id` int(11) NOT NULL AUTO_INCREMENT,
  `user_id` int(11) NOT NULL,
  `group_id` int(11) NOT NULL,
  PRIMARY KEY (`id`),
  UNIQUE KEY `user_id` (`user_id`,`group_id`),
  KEY `auth_user_groups_6340c63c` (`user_id`),
  KEY `auth_user_groups_5f412f9a` (`group_id`),
  CONSTRAINT `user_id_refs_id_40c41112` FOREIGN KEY (`user_id`) REFERENCES `auth_user` (`id`),
  CONSTRAINT `group_id_refs_id_274b862c` FOREIGN KEY (`group_id`) REFERENCES `auth_group` (`id`)
) ENGINE=InnoDB DEFAULT CHARSET=latin1;
/*!40101 SET character_set_client = @saved_cs_client */;

--
-- Dumping data for table `auth_user_groups`
--

LOCK TABLES `auth_user_groups` WRITE;
/*!40000 ALTER TABLE `auth_user_groups` DISABLE KEYS */;
/*!40000 ALTER TABLE `auth_user_groups` ENABLE KEYS */;
UNLOCK TABLES;

--
-- Table structure for table `auth_user_user_permissions`
--

DROP TABLE IF EXISTS `auth_user_user_permissions`;
/*!40101 SET @saved_cs_client     = @@character_set_client */;
/*!40101 SET character_set_client = utf8 */;
CREATE TABLE `auth_user_user_permissions` (
  `id` int(11) NOT NULL AUTO_INCREMENT,
  `user_id` int(11) NOT NULL,
  `permission_id` int(11) NOT NULL,
  PRIMARY KEY (`id`),
  UNIQUE KEY `user_id` (`user_id`,`permission_id`),
  KEY `auth_user_user_permissions_6340c63c` (`user_id`),
  KEY `auth_user_user_permissions_83d7f98b` (`permission_id`),
  CONSTRAINT `user_id_refs_id_4dc23c39` FOREIGN KEY (`user_id`) REFERENCES `auth_user` (`id`),
  CONSTRAINT `permission_id_refs_id_35d9ac25` FOREIGN KEY (`permission_id`) REFERENCES `auth_permission` (`id`)
) ENGINE=InnoDB DEFAULT CHARSET=latin1;
/*!40101 SET character_set_client = @saved_cs_client */;

--
-- Dumping data for table `auth_user_user_permissions`
--

LOCK TABLES `auth_user_user_permissions` WRITE;
/*!40000 ALTER TABLE `auth_user_user_permissions` DISABLE KEYS */;
/*!40000 ALTER TABLE `auth_user_user_permissions` ENABLE KEYS */;
UNLOCK TABLES;

--
-- Table structure for table `django_admin_log`
--

DROP TABLE IF EXISTS `django_admin_log`;
/*!40101 SET @saved_cs_client     = @@character_set_client */;
/*!40101 SET character_set_client = utf8 */;
CREATE TABLE `django_admin_log` (
  `id` int(11) NOT NULL AUTO_INCREMENT,
  `action_time` datetime NOT NULL,
  `user_id` int(11) NOT NULL,
  `content_type_id` int(11) DEFAULT NULL,
  `object_id` longtext,
  `object_repr` varchar(200) NOT NULL,
  `action_flag` smallint(5) unsigned NOT NULL,
  `change_message` longtext NOT NULL,
  PRIMARY KEY (`id`),
  KEY `django_admin_log_6340c63c` (`user_id`),
  KEY `django_admin_log_37ef4eb4` (`content_type_id`),
  CONSTRAINT `content_type_id_refs_id_93d2d1f8` FOREIGN KEY (`content_type_id`) REFERENCES `django_content_type` (`id`),
  CONSTRAINT `user_id_refs_id_c0d12874` FOREIGN KEY (`user_id`) REFERENCES `auth_user` (`id`)
) ENGINE=InnoDB DEFAULT CHARSET=latin1;
/*!40101 SET character_set_client = @saved_cs_client */;

--
-- Dumping data for table `django_admin_log`
--

LOCK TABLES `django_admin_log` WRITE;
/*!40000 ALTER TABLE `django_admin_log` DISABLE KEYS */;
/*!40000 ALTER TABLE `django_admin_log` ENABLE KEYS */;
UNLOCK TABLES;

--
-- Table structure for table `django_content_type`
--

DROP TABLE IF EXISTS `django_content_type`;
/*!40101 SET @saved_cs_client     = @@character_set_client */;
/*!40101 SET character_set_client = utf8 */;
CREATE TABLE `django_content_type` (
  `id` int(11) NOT NULL AUTO_INCREMENT,
  `name` varchar(100) NOT NULL,
  `app_label` varchar(100) NOT NULL,
  `model` varchar(100) NOT NULL,
  PRIMARY KEY (`id`),
  UNIQUE KEY `app_label` (`app_label`,`model`)
) ENGINE=InnoDB AUTO_INCREMENT=20 DEFAULT CHARSET=latin1;
/*!40101 SET character_set_client = @saved_cs_client */;

--
-- Dumping data for table `django_content_type`
--

LOCK TABLES `django_content_type` WRITE;
/*!40000 ALTER TABLE `django_content_type` DISABLE KEYS */;
INSERT INTO `django_content_type` VALUES (1,'migration history','south','migrationhistory'),(2,'log entry','admin','logentry'),(3,'permission','auth','permission'),(4,'group','auth','group'),(5,'user','auth','user'),(6,'content type','contenttypes','contenttype'),(7,'session','sessions','session'),(8,'float model','learning','floatmodel'),(9,'concept question','learning','conceptquestion'),(10,'params','learning','params'),(11,'number','learning','number'),(12,'type','learning','type'),(13,'user skill','learning','userskill'),(14,'curr table','learning','currtable'),(15,'concept','learning','concept'),(16,'lazy user','lazysignup','lazyuser'),(17,'user social auth','social_auth','usersocialauth'),(18,'nonce','social_auth','nonce'),(19,'association','social_auth','association');
/*!40000 ALTER TABLE `django_content_type` ENABLE KEYS */;
UNLOCK TABLES;

--
-- Table structure for table `django_session`
--

DROP TABLE IF EXISTS `django_session`;
/*!40101 SET @saved_cs_client     = @@character_set_client */;
/*!40101 SET character_set_client = utf8 */;
CREATE TABLE `django_session` (
  `session_key` varchar(40) NOT NULL,
  `session_data` longtext NOT NULL,
  `expire_date` datetime NOT NULL,
  PRIMARY KEY (`session_key`),
  KEY `django_session_b7b81f0c` (`expire_date`)
) ENGINE=InnoDB DEFAULT CHARSET=latin1;
/*!40101 SET character_set_client = @saved_cs_client */;

--
-- Dumping data for table `django_session`
--

LOCK TABLES `django_session` WRITE;
/*!40000 ALTER TABLE `django_session` DISABLE KEYS */;
/*!40000 ALTER TABLE `django_session` ENABLE KEYS */;
UNLOCK TABLES;

--
-- Table structure for table `lazysignup_lazyuser`
--

DROP TABLE IF EXISTS `lazysignup_lazyuser`;
/*!40101 SET @saved_cs_client     = @@character_set_client */;
/*!40101 SET character_set_client = utf8 */;
CREATE TABLE `lazysignup_lazyuser` (
  `id` int(11) NOT NULL AUTO_INCREMENT,
  `user_id` int(11) NOT NULL,
  `created` datetime NOT NULL DEFAULT '2015-04-03 16:36:14',
  PRIMARY KEY (`id`),
  UNIQUE KEY `user_id` (`user_id`),
  KEY `lazysignup_lazyuser_63b5ea41` (`created`),
  CONSTRAINT `user_id_refs_id_4f30feac7e9c929` FOREIGN KEY (`user_id`) REFERENCES `auth_user` (`id`)
) ENGINE=InnoDB DEFAULT CHARSET=latin1;
/*!40101 SET character_set_client = @saved_cs_client */;

--
-- Dumping data for table `lazysignup_lazyuser`
--

LOCK TABLES `lazysignup_lazyuser` WRITE;
/*!40000 ALTER TABLE `lazysignup_lazyuser` DISABLE KEYS */;
/*!40000 ALTER TABLE `lazysignup_lazyuser` ENABLE KEYS */;
UNLOCK TABLES;

--
-- Table structure for table `learning_concept`
--

DROP TABLE IF EXISTS `learning_concept`;
/*!40101 SET @saved_cs_client     = @@character_set_client */;
/*!40101 SET character_set_client = utf8 */;
CREATE TABLE `learning_concept` (
  `id` int(11) NOT NULL AUTO_INCREMENT,
  `p1` varchar(20) NOT NULL,
  `p2` varchar(20) DEFAULT NULL,
  `type_id` int(11) NOT NULL,
  PRIMARY KEY (`id`),
  KEY `learning_concept_403d8ff3` (`type_id`),
  CONSTRAINT `type_id_refs_id_79be5b42010a9228` FOREIGN KEY (`type_id`) REFERENCES `learning_type` (`id`)
) ENGINE=InnoDB AUTO_INCREMENT=114 DEFAULT CHARSET=latin1;
/*!40101 SET character_set_client = @saved_cs_client */;

--
-- Dumping data for table `learning_concept`
--

LOCK TABLES `learning_concept` WRITE;
/*!40000 ALTER TABLE `learning_concept` DISABLE KEYS */;
INSERT INTO `learning_concept` VALUES (1,'m','yard',6),(2,'inch','cm',6),(3,'EUR','HUF',3),(4,'pint','dm**3',13),(5,'EUR','CHF',3),(6,'EUR','PLN',3),(7,'CZK','EUR',3),(8,'inn',NULL,1),(9,'m','km',6),(10,'cup','dl',13),(11,'inch','dm',6),(12,'50','110',14),(13,'dm**3','cup',13),(14,'ft**2','dm**2',11),(15,'km**2','mile**2',11),(18,'m','ft',6),(19,'yard**3','m**3',13),(20,'dl','pint',13),(21,'degC','kelvin',12),(22,'mile**2','are',11),(23,'ft','dm',6),(24,'EUR','RUB',3),(25,'EUR','USD',3),(26,'are','acre',11),(28,'CZK','RUB',3),(29,'degF','degC',12),(30,'m**2','yard**2',11),(31,'CZK','PLN',3),(36,'m**2','ft**2',11),(37,'CZK','GBP',3),(38,'tbsp','dl',13),(39,'dm**3','tbsp',13),(40,'out',NULL,1),(41,'m**3','ft**3',13),(47,'CZK','USD',3),(48,'EUR','GBP',3),(49,'dm**3','inch**3',13),(50,'quart','dm**3',13),(51,'degF','kelvin',12),(59,'acre','km**2',11),(60,'cm**2','inch**2',11),(62,'-1',NULL,10),(63,'CZK','CHF',3),(64,'km','mile',6),(67,'CZK','HUF',3),(70,'50',NULL,7),(71,'132',NULL,7),(72,'80',NULL,7),(73,'99',NULL,7),(74,'73',NULL,7),(75,'110',NULL,7),(76,'115',NULL,7),(77,'86',NULL,7),(78,'72',NULL,7),(79,'96',NULL,7),(80,'46',NULL,7),(81,'15',NULL,7),(82,'5','5',8),(83,'7','5',8),(84,'1','10',8),(85,'11','3',8),(86,'3','9',8),(87,'3','1',8),(88,'5','1',8),(89,'5','2',8),(90,'3','2',8),(91,'3','0',8),(92,'3','4',8),(93,'2',NULL,9),(94,'3',NULL,9),(95,'4',NULL,9),(96,'5',NULL,9),(97,'6',NULL,9),(98,'7',NULL,9),(99,'8',NULL,9),(100,'9',NULL,9),(101,'10',NULL,9),(102,'45*5',NULL,5),(103,'5*3*4',NULL,5),(104,'(18-6)*2',NULL,5),(105,'789 + 75',NULL,5),(106,'2659-423',NULL,5),(107,'(236*2)-695',NULL,5),(108,'4*0.95',NULL,5),(109,'2*0.6+1.95',NULL,5),(110,'10*1.95*0.2',NULL,5),(111,'(1+6+2+8)*2-3-14',NULL,5),(112,'659-235+5*13',NULL,5),(113,'6*0.23',NULL,5);
/*!40000 ALTER TABLE `learning_concept` ENABLE KEYS */;
UNLOCK TABLES;

--
-- Table structure for table `learning_conceptquestion`
--

DROP TABLE IF EXISTS `learning_conceptquestion`;
/*!40101 SET @saved_cs_client     = @@character_set_client */;
/*!40101 SET character_set_client = utf8 */;
CREATE TABLE `learning_conceptquestion` (
  `id` int(11) NOT NULL AUTO_INCREMENT,
  `number_id` int(11) DEFAULT NULL,
  `params_id` int(11) NOT NULL,
  `type_id` int(11) NOT NULL,
  `label` double DEFAULT NULL,
  `updatedTimes` int(11) NOT NULL DEFAULT '0',
  `hint` tinyint(1) NOT NULL,
  PRIMARY KEY (`id`),
  KEY `learning_conceptquestion_d4e7917a` (`number_id`),
  KEY `learning_conceptquestion_45bd63ef` (`params_id`),
  KEY `learning_conceptquestion_403d8ff3` (`type_id`),
  CONSTRAINT `type_id_refs_id_76989ce4f99989e8` FOREIGN KEY (`type_id`) REFERENCES `learning_type` (`id`),
  CONSTRAINT `number_id_refs_id_509a882a12243941` FOREIGN KEY (`number_id`) REFERENCES `learning_number` (`id`),
  CONSTRAINT `params_id_refs_id_5032227e7bd51318` FOREIGN KEY (`params_id`) REFERENCES `learning_params` (`id`)
) ENGINE=InnoDB AUTO_INCREMENT=1148 DEFAULT CHARSET=latin1;
/*!40101 SET character_set_client = @saved_cs_client */;

--
-- Dumping data for table `learning_conceptquestion`
--

LOCK TABLES `learning_conceptquestion` WRITE;
/*!40000 ALTER TABLE `learning_conceptquestion` DISABLE KEYS */;
INSERT INTO `learning_conceptquestion` VALUES (1,423,56,3,0.5,0,0),(2,437,56,3,0.5,0,0),(3,447,56,3,0.5,0,0),(4,455,56,3,0.5,0,0),(5,458,56,3,0.5,0,0),(6,459,56,3,0.5,0,0),(7,464,56,3,0.5,0,0),(8,465,56,3,0.5,0,0),(9,466,56,3,0.5,0,0),(10,470,56,3,0.5,0,0),(11,471,56,3,0.5,0,0),(12,473,56,3,0.5,0,0),(13,476,56,3,0.5,0,0),(14,478,56,3,0.5,0,0),(15,480,56,3,0.5,0,0),(16,483,56,3,0.5,0,0),(17,484,56,3,0.5,0,0),(18,486,56,3,0.5,0,0),(19,488,56,3,0.5,0,0),(20,490,56,3,0.5,0,0),(21,493,56,3,0.5,0,0),(22,494,56,3,0.5,0,0),(23,496,56,3,0.5,0,0),(24,497,56,3,0.5,0,0),(25,498,56,3,0.5,0,0),(26,500,56,3,0.5,0,0),(27,501,56,3,0.5,0,0),(28,502,56,3,0.5,0,0),(29,504,56,3,0.5,0,0),(30,505,56,3,0.5,0,0),(31,506,56,3,0.5,0,0),(32,507,56,3,0.5,0,0),(33,509,56,3,0.5,0,0),(34,510,56,3,0.5,0,0),(35,511,56,3,0.5,0,0),(36,423,46,3,0.5,0,0),(37,437,46,3,0.5,0,0),(38,447,46,3,0.5,0,0),(39,455,46,3,0.5,0,0),(40,458,46,3,0.5,0,0),(41,459,46,3,0.5,0,0),(42,464,46,3,0.5,0,0),(43,465,46,3,0.5,0,0),(44,466,46,3,0.5,0,0),(45,470,46,3,0.5,0,0),(46,471,46,3,0.5,0,0),(47,473,46,3,0.5,0,0),(48,476,46,3,0.5,0,0),(49,478,46,3,0.5,0,0),(50,480,46,3,0.5,0,0),(51,483,46,3,0.5,0,0),(52,484,46,3,0.5,0,0),(53,486,46,3,0.5,0,0),(54,488,46,3,0.5,0,0),(55,490,46,3,0.5,0,0),(56,493,46,3,0.5,0,0),(57,494,46,3,0.5,0,0),(58,496,46,3,0.5,0,0),(59,497,46,3,0.5,0,0),(60,498,46,3,0.5,0,0),(61,500,46,3,0.5,0,0),(62,501,46,3,0.5,0,0),(63,502,46,3,0.5,0,0),(64,504,46,3,0.5,0,0),(65,505,46,3,0.5,0,0),(66,506,46,3,0.5,0,0),(67,507,46,3,0.5,0,0),(68,509,46,3,0.5,0,0),(69,510,46,3,0.5,0,0),(70,511,46,3,0.5,0,0),(71,423,69,3,0.5,0,0),(72,437,69,3,0.5,0,0),(73,447,69,3,0.5,0,0),(74,455,69,3,0.5,0,0),(75,458,69,3,0.5,0,0),(76,459,69,3,0.5,0,0),(77,464,69,3,0.5,0,0),(78,465,69,3,0.5,0,0),(79,466,69,3,0.5,0,0),(80,470,69,3,0.5,0,0),(81,471,69,3,0.5,0,0),(82,473,69,3,0.5,0,0),(83,476,69,3,0.5,0,0),(84,478,69,3,0.5,0,0),(85,480,69,3,0.5,0,0),(86,483,69,3,0.5,0,0),(87,484,69,3,0.5,0,0),(88,486,69,3,0.5,0,0),(89,488,69,3,0.5,0,0),(90,490,69,3,0.5,0,0),(91,493,69,3,0.5,0,0),(92,494,69,3,0.5,0,0),(93,496,69,3,0.5,0,0),(94,497,69,3,0.5,0,0),(95,498,69,3,0.5,0,0),(96,500,69,3,0.5,0,0),(97,501,69,3,0.5,0,0),(98,502,69,3,0.5,0,0),(99,504,69,3,0.5,0,0),(100,505,69,3,0.5,0,0),(101,506,69,3,0.5,0,0),(102,507,69,3,0.5,0,0),(103,509,69,3,0.5,0,0),(104,510,69,3,0.5,0,0),(105,511,69,3,0.5,0,0),(106,423,67,3,0.5,0,0),(107,437,67,3,0.5,0,0),(108,447,67,3,0.5,0,0),(109,455,67,3,0.5,0,0),(110,458,67,3,0.5,0,0),(111,459,67,3,0.5,0,0),(112,464,67,3,0.5,0,0),(113,465,67,3,0.5,0,0),(114,466,67,3,0.5,0,0),(115,470,67,3,0.5,0,0),(116,471,67,3,0.5,0,0),(117,473,67,3,0.5,0,0),(118,476,67,3,0.5,0,0),(119,478,67,3,0.5,0,0),(120,480,67,3,0.5,0,0),(121,483,67,3,0.5,0,0),(122,484,67,3,0.5,0,0),(123,486,67,3,0.5,0,0),(124,488,67,3,0.5,0,0),(125,490,67,3,0.5,0,0),(126,493,67,3,0.5,0,0),(127,494,67,3,0.5,0,0),(128,496,67,3,0.5,0,0),(129,497,67,3,0.5,0,0),(130,498,67,3,0.5,0,0),(131,500,67,3,0.5,0,0),(132,501,67,3,0.5,0,0),(133,502,67,3,0.5,0,0),(134,504,67,3,0.5,0,0),(135,505,67,3,0.5,0,0),(136,506,67,3,0.5,0,0),(137,507,67,3,0.5,0,0),(138,509,67,3,0.5,0,0),(139,510,67,3,0.5,0,0),(140,511,67,3,0.5,0,0),(141,423,49,3,0.5,0,0),(142,437,49,3,0.5,0,0),(143,447,49,3,0.5,0,0),(144,455,49,3,0.5,0,0),(145,458,49,3,0.5,0,0),(146,459,49,3,0.5,0,0),(147,464,49,3,0.5,0,0),(148,465,49,3,0.5,0,0),(149,466,49,3,0.5,0,0),(150,470,49,3,0.5,0,0),(151,471,49,3,0.5,0,0),(152,473,49,3,0.5,0,0),(153,476,49,3,0.5,0,0),(154,478,49,3,0.5,0,0),(155,480,49,3,0.5,0,0),(156,483,49,3,0.5,0,0),(157,484,49,3,0.5,0,0),(158,486,49,3,0.5,0,0),(159,488,49,3,0.5,0,0),(160,490,49,3,0.5,0,0),(161,493,49,3,0.5,0,0),(162,494,49,3,0.5,0,0),(163,496,49,3,0.5,0,0),(164,497,49,3,0.5,0,0),(165,498,49,3,0.5,0,0),(166,500,49,3,0.5,0,0),(167,501,49,3,0.5,0,0),(168,502,49,3,0.5,0,0),(169,504,49,3,0.5,0,0),(170,505,49,3,0.5,0,0),(171,506,49,3,0.5,0,0),(172,507,49,3,0.5,0,0),(173,509,49,3,0.5,0,0),(174,510,49,3,0.5,0,0),(175,511,49,3,0.5,0,0),(176,423,41,3,0.5,0,0),(177,437,41,3,0.5,0,0),(178,447,41,3,0.5,0,0),(179,455,41,3,0.5,0,0),(180,458,41,3,0.5,0,0),(181,459,41,3,0.5,0,0),(182,464,41,3,0.5,0,0),(183,465,41,3,0.5,0,0),(184,466,41,3,0.5,0,0),(185,470,41,3,0.5,0,0),(186,471,41,3,0.5,0,0),(187,473,41,3,0.5,0,0),(188,476,41,3,0.5,0,0),(189,478,41,3,0.5,0,0),(190,480,41,3,0.5,0,0),(191,483,41,3,0.5,0,0),(192,484,41,3,0.5,0,0),(193,486,41,3,0.5,0,0),(194,488,41,3,0.5,0,0),(195,490,41,3,0.5,0,0),(196,493,41,3,0.5,0,0),(197,494,41,3,0.5,0,0),(198,496,41,3,0.5,0,0),(199,497,41,3,0.5,0,0),(200,498,41,3,0.5,0,0),(201,500,41,3,0.5,0,0),(202,501,41,3,0.5,0,0),(203,502,41,3,0.5,0,0),(204,504,41,3,0.5,0,0),(205,505,41,3,0.5,0,0),(206,506,41,3,0.5,0,0),(207,507,41,3,0.5,0,0),(208,509,41,3,0.5,0,0),(209,510,41,3,0.5,0,0),(210,511,41,3,0.5,0,0),(211,423,11,3,0.5,0,0),(212,437,11,3,0.5,0,0),(213,447,11,3,0.5,0,0),(214,455,11,3,0.5,0,0),(215,458,11,3,0.5,0,0),(216,459,11,3,0.5,0,0),(217,464,11,3,0.5,0,0),(218,465,11,3,0.5,0,0),(219,466,11,3,0.5,0,0),(220,470,11,3,0.5,0,0),(221,471,11,3,0.5,0,0),(222,473,11,3,0.5,0,0),(223,476,11,3,0.5,0,0),(224,478,11,3,0.5,0,0),(225,480,11,3,0.5,0,0),(226,483,11,3,0.5,0,0),(227,484,11,3,0.5,0,0),(228,486,11,3,0.5,0,0),(229,488,11,3,0.5,0,0),(230,490,11,3,0.5,0,0),(231,493,11,3,0.5,0,0),(232,494,11,3,0.5,0,0),(233,496,11,3,0.5,0,0),(234,497,11,3,0.5,0,0),(235,498,11,3,0.5,0,0),(236,500,11,3,0.5,0,0),(237,501,11,3,0.5,0,0),(238,502,11,3,0.5,0,0),(239,504,11,3,0.5,0,0),(240,505,11,3,0.5,0,0),(241,506,11,3,0.5,0,0),(242,507,11,3,0.5,0,0),(243,509,11,3,0.5,0,0),(244,510,11,3,0.5,0,0),(245,511,11,3,0.5,0,0),(246,44,38,3,0.5,0,0),(247,55,38,3,0.5,0,0),(248,67,38,3,0.5,0,0),(249,80,38,3,0.5,0,0),(250,89,38,3,0.5,0,0),(251,97,38,3,0.5,0,0),(252,106,38,3,0.5,0,0),(253,113,38,3,0.5,0,0),(254,116,38,3,0.5,0,0),(255,124,38,3,0.5,0,0),(256,132,38,3,0.5,0,0),(257,137,38,3,0.5,0,0),(258,144,38,3,0.5,0,0),(259,151,38,3,0.5,0,0),(260,159,38,3,0.5,0,0),(261,165,38,3,0.5,0,0),(262,171,38,3,0.5,0,0),(263,179,38,3,0.5,0,0),(264,186,38,3,0.5,0,0),(265,191,38,3,0.5,0,0),(266,199,38,3,0.5,0,0),(267,204,38,3,0.5,0,0),(268,211,38,3,0.5,0,0),(269,214,38,3,0.5,0,0),(270,219,38,3,0.5,0,0),(271,44,9,3,0.5,0,0),(272,55,9,3,0.5,0,0),(273,67,9,3,0.5,0,0),(274,80,9,3,0.5,0,0),(275,89,9,3,0.5,0,0),(276,97,9,3,0.5,0,0),(277,106,9,3,0.5,0,0),(278,113,9,3,0.5,0,0),(279,116,9,3,0.5,0,0),(280,124,9,3,0.5,0,0),(281,132,9,3,0.5,0,0),(282,137,9,3,0.5,0,0),(283,144,9,3,0.5,0,0),(284,151,9,3,0.5,0,0),(285,159,9,3,0.5,0,0),(286,165,9,3,0.5,0,0),(287,171,9,3,0.5,0,0),(288,179,9,3,0.5,0,0),(289,186,9,3,0.5,0,0),(290,191,9,3,0.5,0,0),(291,199,9,3,0.5,0,0),(292,204,9,3,0.5,0,0),(293,211,9,3,0.5,0,0),(294,214,9,3,0.5,0,0),(295,219,9,3,0.5,0,0),(296,44,5,3,0.5,0,0),(297,55,5,3,0.5,0,0),(298,67,5,3,0.5,0,0),(299,80,5,3,0.5,0,0),(300,89,5,3,0.5,0,0),(301,97,5,3,0.5,0,0),(302,106,5,3,0.5,0,0),(303,113,5,3,0.5,0,0),(304,116,5,3,0.5,0,0),(305,124,5,3,0.5,0,0),(306,132,5,3,0.5,0,0),(307,137,5,3,0.5,0,0),(308,144,5,3,0.5,0,0),(309,151,5,3,0.5,0,0),(310,159,5,3,0.5,0,0),(311,165,5,3,0.5,0,0),(312,171,5,3,0.5,0,0),(313,179,5,3,0.5,0,0),(314,186,5,3,0.5,0,0),(315,191,5,3,0.5,0,0),(316,199,5,3,0.5,0,0),(317,204,5,3,0.5,0,0),(318,211,5,3,0.5,0,0),(319,214,5,3,0.5,0,0),(320,219,5,3,0.5,0,0),(321,44,8,3,0.5,0,0),(322,55,8,3,0.5,0,0),(323,67,8,3,0.5,0,0),(324,80,8,3,0.5,0,0),(325,89,8,3,0.5,0,0),(326,97,8,3,0.5,0,0),(327,106,8,3,0.5,0,0),(328,113,8,3,0.5,0,0),(329,116,8,3,0.5,0,0),(330,124,8,3,0.5,0,0),(331,132,8,3,0.5,0,0),(332,137,8,3,0.5,0,0),(333,144,8,3,0.5,0,0),(334,151,8,3,0.5,0,0),(335,159,8,3,0.5,0,0),(336,165,8,3,0.5,0,0),(337,171,8,3,0.5,0,0),(338,179,8,3,0.5,0,0),(339,186,8,3,0.5,0,0),(340,191,8,3,0.5,0,0),(341,199,8,3,0.5,0,0),(342,204,8,3,0.5,0,0),(343,211,8,3,0.5,0,0),(344,214,8,3,0.5,0,0),(345,219,8,3,0.5,0,0),(346,44,57,3,0.5,0,0),(347,55,57,3,0.5,0,0),(348,67,57,3,0.5,0,0),(349,80,57,3,0.5,0,0),(350,89,57,3,0.5,0,0),(351,97,57,3,0.5,0,0),(352,106,57,3,0.5,0,0),(353,113,57,3,0.5,0,0),(354,116,57,3,0.5,0,0),(355,124,57,3,0.5,0,0),(356,132,57,3,0.5,0,0),(357,137,57,3,0.5,0,0),(358,144,57,3,0.5,0,0),(359,151,57,3,0.5,0,0),(360,159,57,3,0.5,0,0),(361,165,57,3,0.5,0,0),(362,171,57,3,0.5,0,0),(363,179,57,3,0.5,0,0),(364,186,57,3,0.5,0,0),(365,191,57,3,0.5,0,0),(366,199,57,3,0.5,0,0),(367,204,57,3,0.5,0,0),(368,211,57,3,0.5,0,0),(369,214,57,3,0.5,0,0),(370,219,57,3,0.5,0,0),(371,44,37,3,0.5,0,0),(372,55,37,3,0.5,0,0),(373,67,37,3,0.5,0,0),(374,80,37,3,0.5,0,0),(375,89,37,3,0.5,0,0),(376,97,37,3,0.5,0,0),(377,106,37,3,0.5,0,0),(378,113,37,3,0.5,0,0),(379,116,37,3,0.5,0,0),(380,124,37,3,0.5,0,0),(381,132,37,3,0.5,0,0),(382,137,37,3,0.5,0,0),(383,144,37,3,0.5,0,0),(384,151,37,3,0.5,0,0),(385,159,37,3,0.5,0,0),(386,165,37,3,0.5,0,0),(387,171,37,3,0.5,0,0),(388,179,37,3,0.5,0,0),(389,186,37,3,0.5,0,0),(390,191,37,3,0.5,0,0),(391,199,37,3,0.5,0,0),(392,204,37,3,0.5,0,0),(393,211,37,3,0.5,0,0),(394,214,37,3,0.5,0,0),(395,219,37,3,0.5,0,0),(396,44,10,3,0.5,0,0),(397,55,10,3,0.5,0,0),(398,67,10,3,0.5,0,0),(399,80,10,3,0.5,0,0),(400,89,10,3,0.5,0,0),(401,97,10,3,0.5,0,0),(402,106,10,3,0.5,0,0),(403,113,10,3,0.5,0,0),(404,116,10,3,0.5,0,0),(405,124,10,3,0.5,0,0),(406,132,10,3,0.5,0,0),(407,137,10,3,0.5,0,0),(408,144,10,3,0.5,0,0),(409,151,10,3,0.5,0,0),(410,159,10,3,0.5,0,0),(411,165,10,3,0.5,0,0),(412,171,10,3,0.5,0,0),(413,179,10,3,0.5,0,0),(414,186,10,3,0.5,0,0),(415,191,10,3,0.5,0,0),(416,199,10,3,0.5,0,0),(417,204,10,3,0.5,0,0),(418,211,10,3,0.5,0,0),(419,214,10,3,0.5,0,0),(420,219,10,3,0.5,0,0),(421,1,42,12,0.5,0,0),(422,2,42,12,0.5,0,0),(423,4,42,12,0.5,0,0),(424,44,42,12,0.5,0,0),(425,97,42,12,0.5,0,0),(426,132,42,12,0.5,0,0),(427,165,42,12,0.5,0,0),(428,7,42,12,0.5,0,0),(429,17,42,12,0.5,0,0),(430,31,42,12,0.5,0,0),(431,57,42,12,0.5,0,0),(432,74,42,12,0.5,0,0),(433,86,42,12,0.5,0,0),(434,108,42,12,0.5,0,0),(435,114,42,12,0.5,0,0),(436,122,42,12,0.5,0,0),(437,138,42,12,0.5,0,0),(438,148,42,12,0.5,0,0),(439,158,42,12,0.5,0,0),(440,1,32,12,0.5,0,0),(441,2,32,12,0.5,0,0),(442,4,32,12,0.5,0,0),(443,7,32,12,0.5,0,0),(444,17,32,12,0.5,0,0),(445,31,32,12,0.5,0,0),(446,44,32,12,0.5,0,0),(447,57,32,12,0.5,0,0),(448,74,32,12,0.5,0,0),(449,86,32,12,0.5,0,0),(450,97,32,12,0.5,0,0),(451,108,32,12,0.5,0,0),(452,114,32,12,0.5,0,0),(453,122,32,12,0.5,0,0),(454,132,32,12,0.5,0,0),(455,138,32,12,0.5,0,0),(456,148,32,12,0.5,0,0),(457,158,32,12,0.5,0,0),(458,165,32,12,0.5,0,0),(459,109,43,12,0.5,0,0),(460,124,43,12,0.5,0,0),(461,140,43,12,0.5,0,0),(462,159,43,12,0.5,0,0),(463,176,43,12,0.5,0,0),(464,191,43,12,0.5,0,0),(465,206,43,12,0.5,0,0),(466,219,43,12,0.5,0,0),(467,235,43,12,0.5,0,0),(468,243,43,12,0.5,0,0),(469,255,43,12,0.5,0,0),(470,265,43,12,0.5,0,0),(471,277,43,12,0.5,0,0),(472,287,43,12,0.5,0,0),(473,298,43,12,0.5,0,0),(474,309,43,12,0.5,0,0),(475,315,43,12,0.5,0,0),(476,405,31,12,0.5,0,0),(477,407,31,12,0.5,0,0),(478,409,31,12,0.5,0,0),(479,411,31,12,0.5,0,0),(480,413,31,12,0.5,0,0),(481,414,31,12,0.5,0,0),(482,416,31,12,0.5,0,0),(483,418,31,12,0.5,0,0),(484,419,31,12,0.5,0,0),(485,421,31,12,0.5,0,0),(486,422,31,12,0.5,0,0),(487,424,31,12,0.5,0,0),(488,426,31,12,0.5,0,0),(489,427,31,12,0.5,0,0),(490,430,31,12,0.5,0,0),(491,431,31,12,0.5,0,0),(492,405,61,12,0.5,0,0),(493,407,61,12,0.5,0,0),(494,409,61,12,0.5,0,0),(495,411,61,12,0.5,0,0),(496,413,61,12,0.5,0,0),(497,414,61,12,0.5,0,0),(498,416,61,12,0.5,0,0),(499,418,61,12,0.5,0,0),(500,419,61,12,0.5,0,0),(501,421,61,12,0.5,0,0),(502,422,61,12,0.5,0,0),(503,424,61,12,0.5,0,0),(504,426,61,12,0.5,0,0),(505,427,61,12,0.5,0,0),(506,430,61,12,0.5,0,0),(507,431,61,12,0.5,0,0),(508,109,62,12,0.5,0,0),(509,124,62,12,0.5,0,0),(510,140,62,12,0.5,0,0),(511,159,62,12,0.5,0,0),(512,176,62,12,0.5,0,0),(513,191,62,12,0.5,0,0),(514,206,62,12,0.5,0,0),(515,219,62,12,0.5,0,0),(516,235,62,12,0.5,0,0),(517,243,62,12,0.5,0,0),(518,255,62,12,0.5,0,0),(519,265,62,12,0.5,0,0),(520,277,62,12,0.5,0,0),(521,287,62,12,0.5,0,0),(522,298,62,12,0.5,0,0),(523,309,62,12,0.5,0,0),(524,315,62,12,0.5,0,0),(525,324,62,12,0.5,0,0),(526,328,62,12,0.5,0,0),(527,333,62,12,0.5,0,0),(528,339,62,12,0.5,0,0),(529,342,62,12,0.5,0,0),(530,347,62,12,0.5,0,0),(531,351,62,12,0.5,0,0),(532,354,62,12,0.5,0,0),(533,360,62,12,0.5,0,0),(534,363,62,12,0.5,0,0),(535,366,62,12,0.5,0,0),(536,369,62,12,0.5,0,0),(537,371,62,12,0.5,0,0),(538,374,62,12,0.5,0,0),(539,377,62,12,0.5,0,0),(540,380,62,12,0.5,0,0),(541,383,62,12,0.5,0,0),(542,384,62,12,0.5,0,0),(543,386,62,12,0.5,0,0),(544,388,62,12,0.5,0,0),(545,391,62,12,0.5,0,0),(546,393,62,12,0.5,0,0),(547,394,62,12,0.5,0,0),(548,395,62,12,0.5,0,0),(549,396,62,12,0.5,0,0),(550,397,62,12,0.5,0,0),(551,398,62,12,0.5,0,0),(552,400,62,12,0.5,0,0),(553,401,62,12,0.5,0,0),(554,402,62,12,0.5,0,0),(555,403,62,12,0.5,0,0),(556,404,62,12,0.5,0,0),(557,405,62,12,0.5,0,0),(558,408,62,12,0.5,0,0),(559,412,62,12,0.5,0,0),(560,414,62,12,0.5,0,0),(561,417,62,12,0.5,0,0),(562,420,62,12,0.5,0,0),(563,422,62,12,0.5,0,0),(564,425,62,12,0.5,0,0),(565,428,62,12,0.5,0,0),(566,431,62,12,0.5,0,0),(567,433,62,12,0.5,0,0),(568,434,62,12,0.5,0,0),(569,435,62,12,0.5,0,0),(570,436,62,12,0.5,0,0),(571,437,62,12,0.5,0,0),(572,438,62,12,0.5,0,0),(573,439,62,12,0.5,0,0),(574,440,62,12,0.5,0,0),(575,442,62,12,0.5,0,0),(576,443,62,12,0.5,0,0),(577,445,62,12,0.5,0,0),(578,446,62,12,0.5,0,0),(579,448,62,12,0.5,0,0),(580,449,62,12,0.5,0,0),(581,450,62,12,0.5,0,0),(582,451,62,12,0.5,0,0),(583,452,62,12,0.5,0,0),(584,159,3,6,0.5,0,0),(585,179,3,6,0.5,0,0),(586,199,3,6,0.5,0,0),(587,214,3,6,0.5,0,0),(588,231,3,6,0.5,0,0),(589,243,3,6,0.5,0,0),(590,256,3,6,0.5,0,0),(591,270,3,6,0.5,0,0),(592,283,3,6,0.5,0,0),(593,296,3,6,0.5,0,0),(594,309,3,6,0.5,0,0),(595,316,3,6,0.5,0,0),(596,326,3,6,0.5,0,0),(597,332,3,6,0.5,0,0),(598,337,3,6,0.5,0,0),(599,342,3,6,0.5,0,0),(600,348,3,6,0.5,0,0),(601,352,3,6,0.5,0,0),(602,358,3,6,0.5,0,0),(603,362,3,6,0.5,0,0),(604,74,4,6,0.5,0,0),(605,93,4,6,0.5,0,0),(606,109,4,6,0.5,0,0),(607,119,4,6,0.5,0,0),(608,134,4,6,0.5,0,0),(609,148,4,6,0.5,0,0),(610,160,4,6,0.5,0,0),(611,176,4,6,0.5,0,0),(612,190,4,6,0.5,0,0),(613,202,4,6,0.5,0,0),(614,213,4,6,0.5,0,0),(615,223,4,6,0.5,0,0),(616,17,16,6,0.5,0,0),(617,27,16,6,0.5,0,0),(618,38,16,6,0.5,0,0),(619,49,16,6,0.5,0,0),(620,61,16,6,0.5,0,0),(621,74,16,6,0.5,0,0),(622,84,16,6,0.5,0,0),(623,93,16,6,0.5,0,0),(624,93,17,6,0.5,0,0),(625,109,17,6,0.5,0,0),(626,119,17,6,0.5,0,0),(627,134,17,6,0.5,0,0),(628,148,17,6,0.5,0,0),(629,160,17,6,0.5,0,0),(630,176,17,6,0.5,0,0),(631,190,17,6,0.5,0,0),(632,202,17,6,0.5,0,0),(633,213,17,6,0.5,0,0),(634,223,17,6,0.5,0,0),(635,235,17,6,0.5,0,0),(636,199,35,6,0.5,0,0),(637,219,35,6,0.5,0,0),(638,240,35,6,0.5,0,0),(639,256,35,6,0.5,0,0),(640,274,35,6,0.5,0,0),(641,292,35,6,0.5,0,0),(642,309,35,6,0.5,0,0),(643,80,36,6,0.5,0,0),(644,89,36,6,0.5,0,0),(645,97,36,6,0.5,0,0),(646,106,36,6,0.5,0,0),(647,113,36,6,0.5,0,0),(648,116,36,6,0.5,0,0),(649,124,36,6,0.5,0,0),(650,132,36,6,0.5,0,0),(651,137,36,6,0.5,0,0),(652,17,26,6,0.5,0,0),(653,55,26,6,0.5,0,0),(654,93,26,6,0.5,0,0),(655,116,26,6,0.5,0,0),(656,140,26,6,0.5,0,0),(657,165,26,6,0.5,0,0),(658,27,25,6,0.5,0,0),(659,74,25,6,0.5,0,0),(660,109,25,6,0.5,0,0),(661,134,25,6,0.5,0,0),(662,160,25,6,0.5,0,0),(663,190,25,6,0.5,0,0),(664,17,2,6,0.5,0,0),(665,89,2,6,0.5,0,0),(666,134,2,6,0.5,0,0),(667,179,2,6,0.5,0,0),(668,215,2,6,0.5,0,0),(669,249,2,6,0.5,0,0),(670,277,2,6,0.5,0,0),(671,27,1,6,0.5,0,0),(672,106,1,6,0.5,0,0),(673,156,1,6,0.5,0,0),(674,204,1,6,0.5,0,0),(675,241,1,6,0.5,0,0),(676,274,1,6,0.5,0,0),(677,17,68,6,0.5,0,0),(678,84,68,6,0.5,0,0),(679,129,68,6,0.5,0,0),(680,168,68,6,0.5,0,0),(681,206,68,6,0.5,0,0),(682,237,68,6,0.5,0,0),(683,261,68,6,0.5,0,0),(684,288,68,6,0.5,0,0),(685,311,68,6,0.5,0,0),(686,328,68,6,0.5,0,0),(687,27,13,6,0.5,0,0),(688,101,13,6,0.5,0,0),(689,148,13,6,0.5,0,0),(690,197,13,6,0.5,0,0),(691,235,13,6,0.5,0,0),(692,261,13,6,0.5,0,0),(693,294,13,6,0.5,0,0),(694,319,13,6,0.5,0,0),(695,334,13,6,0.5,0,0),(696,97,65,11,0.5,0,0),(697,148,65,11,0.5,0,0),(698,199,65,11,0.5,0,0),(699,237,65,11,0.5,0,0),(700,270,65,11,0.5,0,0),(701,67,64,11,0.5,0,0),(702,119,64,11,0.5,0,0),(703,165,64,11,0.5,0,0),(704,206,64,11,0.5,0,0),(705,240,64,11,0.5,0,0),(706,8,22,11,0.5,0,0),(707,12,22,11,0.5,0,0),(708,18,22,11,0.5,0,0),(709,25,22,11,0.5,0,0),(710,32,22,11,0.5,0,0),(711,39,22,11,0.5,0,0),(712,47,22,11,0.5,0,0),(713,52,22,11,0.5,0,0),(714,59,22,11,0.5,0,0),(715,68,22,11,0.5,0,0),(716,77,22,11,0.5,0,0),(717,74,21,11,0.5,0,0),(718,140,21,11,0.5,0,0),(719,202,21,11,0.5,0,0),(720,246,21,11,0.5,0,0),(721,286,21,11,0.5,0,0),(722,17,48,11,0.5,0,0),(723,110,48,11,0.5,0,0),(724,170,48,11,0.5,0,0),(725,227,48,11,0.5,0,0),(726,267,48,11,0.5,0,0),(727,97,47,11,0.5,0,0),(728,157,47,11,0.5,0,0),(729,212,47,11,0.5,0,0),(730,254,47,11,0.5,0,0),(731,290,47,11,0.5,0,0),(732,17,44,11,0.5,0,0),(733,96,44,11,0.5,0,0),(734,143,44,11,0.5,0,0),(735,193,44,11,0.5,0,0),(736,234,44,11,0.5,0,0),(737,262,44,11,0.5,0,0),(738,11,45,11,0.5,0,0),(739,99,45,11,0.5,0,0),(740,154,45,11,0.5,0,0),(741,207,45,11,0.5,0,0),(742,248,45,11,0.5,0,0),(743,282,45,11,0.5,0,0),(744,44,24,11,0.5,0,0),(745,120,24,11,0.5,0,0),(746,183,24,11,0.5,0,0),(747,232,24,11,0.5,0,0),(748,269,24,11,0.5,0,0),(749,307,24,11,0.5,0,0),(750,6,23,11,0.5,0,0),(751,87,23,11,0.5,0,0),(752,141,23,11,0.5,0,0),(753,198,23,11,0.5,0,0),(754,238,23,11,0.5,0,0),(755,272,23,11,0.5,0,0),(756,6,40,11,0.5,0,0),(757,13,40,11,0.5,0,0),(758,26,40,11,0.5,0,0),(759,41,40,11,0.5,0,0),(760,53,40,11,0.5,0,0),(761,70,40,11,0.5,0,0),(762,83,40,11,0.5,0,0),(763,95,40,11,0.5,0,0),(764,460,63,11,0.5,0,0),(765,469,63,11,0.5,0,0),(766,475,63,11,0.5,0,0),(767,482,63,11,0.5,0,0),(768,489,63,11,0.5,0,0),(769,495,63,11,0.5,0,0),(770,499,63,11,0.5,0,0),(771,503,63,11,0.5,0,0),(772,508,63,11,0.5,0,0),(773,310,39,11,0.5,0,0),(774,389,39,11,0.5,0,0),(775,429,39,11,0.5,0,0),(776,454,39,11,0.5,0,0),(777,461,39,11,0.5,0,0),(778,468,39,11,0.5,0,0),(779,474,39,11,0.5,0,0),(780,479,39,11,0.5,0,0),(781,485,39,11,0.5,0,0),(782,11,34,11,0.5,0,0),(783,91,34,11,0.5,0,0),(784,139,34,11,0.5,0,0),(785,189,34,11,0.5,0,0),(786,230,34,11,0.5,0,0),(787,258,34,11,0.5,0,0),(788,291,34,11,0.5,0,0),(789,199,33,11,0.5,0,0),(790,275,33,11,0.5,0,0),(791,331,33,11,0.5,0,0),(792,359,33,11,0.5,0,0),(793,378,33,11,0.5,0,0),(794,392,33,11,0.5,0,0),(795,399,33,11,0.5,0,0),(796,310,33,11,0.5,0,0),(797,382,33,11,0.5,0,0),(798,406,33,11,0.5,0,0),(799,441,33,11,0.5,0,0),(800,456,33,11,0.5,0,0),(801,463,33,11,0.5,0,0),(802,467,33,11,0.5,0,0),(803,472,33,11,0.5,0,0),(804,477,33,11,0.5,0,0),(805,481,33,11,0.5,0,0),(806,487,33,11,0.5,0,0),(807,6,58,13,0.5,0,0),(808,9,58,13,0.5,0,0),(809,14,58,13,0.5,0,0),(810,21,58,13,0.5,0,0),(811,28,58,13,0.5,0,0),(812,35,58,13,0.5,0,0),(813,43,58,13,0.5,0,0),(814,48,58,13,0.5,0,0),(815,56,58,13,0.5,0,0),(816,62,58,13,0.5,0,0),(817,73,58,13,0.5,0,0),(818,79,58,13,0.5,0,0),(819,17,59,13,0.5,0,0),(820,66,59,13,0.5,0,0),(821,107,59,13,0.5,0,0),(822,135,59,13,0.5,0,0),(823,164,59,13,0.5,0,0),(824,194,59,13,0.5,0,0),(825,11,20,13,0.5,0,0),(826,60,20,13,0.5,0,0),(827,105,20,13,0.5,0,0),(828,133,20,13,0.5,0,0),(829,163,20,13,0.5,0,0),(830,196,20,13,0.5,0,0),(831,8,52,13,0.5,0,0),(832,10,52,13,0.5,0,0),(833,15,52,13,0.5,0,0),(834,20,52,13,0.5,0,0),(835,24,52,13,0.5,0,0),(836,30,52,13,0.5,0,0),(837,36,52,13,0.5,0,0),(838,40,52,13,0.5,0,0),(839,45,52,13,0.5,0,0),(840,22,6,13,0.5,0,0),(841,65,6,13,0.5,0,0),(842,102,6,13,0.5,0,0),(843,128,6,13,0.5,0,0),(844,153,6,13,0.5,0,0),(845,80,7,13,0.5,0,0),(846,127,7,13,0.5,0,0),(847,167,7,13,0.5,0,0),(848,208,7,13,0.5,0,0),(849,239,7,13,0.5,0,0),(850,266,7,13,0.5,0,0),(851,38,19,13,0.5,0,0),(852,76,19,13,0.5,0,0),(853,103,19,13,0.5,0,0),(854,123,19,13,0.5,0,0),(855,142,19,13,0.5,0,0),(856,166,19,13,0.5,0,0),(857,6,60,13,0.5,0,0),(858,45,60,13,0.5,0,0),(859,90,60,13,0.5,0,0),(860,117,60,13,0.5,0,0),(861,147,60,13,0.5,0,0),(862,174,60,13,0.5,0,0),(863,201,60,13,0.5,0,0),(864,11,54,13,0.5,0,0),(865,16,54,13,0.5,0,0),(866,19,54,13,0.5,0,0),(867,23,54,13,0.5,0,0),(868,29,54,13,0.5,0,0),(869,33,54,13,0.5,0,0),(870,37,54,13,0.5,0,0),(871,42,54,13,0.5,0,0),(872,46,54,13,0.5,0,0),(873,51,54,13,0.5,0,0),(874,54,54,13,0.5,0,0),(875,58,54,13,0.5,0,0),(876,64,54,13,0.5,0,0),(877,69,54,13,0.5,0,0),(878,75,54,13,0.5,0,0),(879,78,54,13,0.5,0,0),(880,199,55,13,0.5,0,0),(881,343,55,13,0.5,0,0),(882,390,55,13,0.5,0,0),(883,415,55,13,0.5,0,0),(884,444,55,13,0.5,0,0),(885,457,55,13,0.5,0,0),(886,49,27,13,0.5,0,0),(887,100,27,13,0.5,0,0),(888,131,27,13,0.5,0,0),(889,161,27,13,0.5,0,0),(890,195,27,13,0.5,0,0),(891,220,27,13,0.5,0,0),(892,242,27,13,0.5,0,0),(893,260,27,13,0.5,0,0),(894,284,27,13,0.5,0,0),(895,303,27,13,0.5,0,0),(896,38,28,13,0.5,0,0),(897,88,28,13,0.5,0,0),(898,118,28,13,0.5,0,0),(899,150,28,13,0.5,0,0),(900,184,28,13,0.5,0,0),(901,210,28,13,0.5,0,0),(902,233,28,13,0.5,0,0),(903,253,28,13,0.5,0,0),(904,271,28,13,0.5,0,0),(905,8,50,13,0.5,0,0),(906,34,50,13,0.5,0,0),(907,63,50,13,0.5,0,0),(908,92,50,13,0.5,0,0),(909,112,50,13,0.5,0,0),(910,130,50,13,0.5,0,0),(911,146,50,13,0.5,0,0),(912,162,50,13,0.5,0,0),(913,97,51,13,0.5,0,0),(914,125,51,13,0.5,0,0),(915,152,51,13,0.5,0,0),(916,181,51,13,0.5,0,0),(917,205,51,13,0.5,0,0),(918,229,51,13,0.5,0,0),(919,247,51,13,0.5,0,0),(920,263,51,13,0.5,0,0),(921,280,51,13,0.5,0,0),(922,299,51,13,0.5,0,0),(923,49,29,13,0.5,0,0),(924,94,29,13,0.5,0,0),(925,121,29,13,0.5,0,0),(926,149,29,13,0.5,0,0),(927,178,29,13,0.5,0,0),(928,203,29,13,0.5,0,0),(929,228,29,13,0.5,0,0),(930,244,29,13,0.5,0,0),(931,259,29,13,0.5,0,0),(932,278,29,13,0.5,0,0),(933,297,29,13,0.5,0,0),(934,38,30,13,0.5,0,0),(935,72,30,13,0.5,0,0),(936,98,30,13,0.5,0,0),(937,115,30,13,0.5,0,0),(938,136,30,13,0.5,0,0),(939,155,30,13,0.5,0,0),(940,172,30,13,0.5,0,0),(941,192,30,13,0.5,0,0),(942,209,30,13,0.5,0,0),(943,38,14,13,0.5,0,0),(944,72,14,13,0.5,0,0),(945,98,14,13,0.5,0,0),(946,115,14,13,0.5,0,0),(947,136,14,13,0.5,0,0),(948,155,14,13,0.5,0,0),(949,172,14,13,0.5,0,0),(950,192,14,13,0.5,0,0),(951,209,14,13,0.5,0,0),(952,106,15,13,0.5,0,0),(953,145,15,13,0.5,0,0),(954,188,15,13,0.5,0,0),(955,221,15,13,0.5,0,0),(956,250,15,13,0.5,0,0),(957,276,15,13,0.5,0,0),(958,301,15,13,0.5,0,0),(959,323,15,13,0.5,0,0),(960,335,15,13,0.5,0,0),(961,346,15,13,0.5,0,0),(962,355,15,13,0.5,0,0),(963,44,12,1,0.5,0,0),(964,71,12,1,0.5,0,0),(965,93,12,1,0.5,0,0),(966,111,12,1,0.5,0,0),(967,124,12,1,0.5,0,0),(968,138,12,1,0.5,0,0),(969,156,12,1,0.5,0,0),(970,169,12,1,0.5,0,0),(971,186,12,1,0.5,0,0),(972,200,12,1,0.5,0,0),(973,213,12,1,0.5,0,0),(974,225,12,1,0.5,0,0),(975,236,12,1,0.5,0,0),(976,245,12,1,0.5,0,0),(977,255,12,1,0.5,0,0),(978,264,12,1,0.5,0,0),(979,274,12,1,0.5,0,0),(980,285,12,1,0.5,0,0),(981,294,12,1,0.5,0,0),(982,302,12,1,0.5,0,0),(983,310,12,1,0.5,0,0),(984,318,12,1,0.5,0,0),(985,325,12,1,0.5,0,0),(986,329,12,1,0.5,0,0),(987,333,12,1,0.5,0,0),(988,338,12,1,0.5,0,0),(989,341,12,1,0.5,0,0),(990,345,12,1,0.5,0,0),(991,349,12,1,0.5,0,0),(992,353,12,1,0.5,0,0),(993,357,12,1,0.5,0,0),(994,361,12,1,0.5,0,0),(995,364,12,1,0.5,0,0),(996,367,12,1,0.5,0,0),(997,369,12,1,0.5,0,0),(998,370,12,1,0.5,0,0),(999,373,12,1,0.5,0,0),(1000,375,12,1,0.5,0,0),(1001,44,53,1,0.5,0,0),(1002,71,53,1,0.5,0,0),(1003,93,53,1,0.5,0,0),(1004,111,53,1,0.5,0,0),(1005,124,53,1,0.5,0,0),(1006,138,53,1,0.5,0,0),(1007,156,53,1,0.5,0,0),(1008,169,53,1,0.5,0,0),(1009,186,53,1,0.5,0,0),(1010,200,53,1,0.5,0,0),(1011,213,53,1,0.5,0,0),(1012,225,53,1,0.5,0,0),(1013,236,53,1,0.5,0,0),(1014,245,53,1,0.5,0,0),(1015,255,53,1,0.5,0,0),(1016,264,53,1,0.5,0,0),(1017,274,53,1,0.5,0,0),(1018,285,53,1,0.5,0,0),(1019,294,53,1,0.5,0,0),(1020,302,53,1,0.5,0,0),(1021,310,53,1,0.5,0,0),(1022,318,53,1,0.5,0,0),(1023,325,53,1,0.5,0,0),(1024,329,53,1,0.5,0,0),(1025,333,53,1,0.5,0,0),(1026,338,53,1,0.5,0,0),(1027,341,53,1,0.5,0,0),(1028,345,53,1,0.5,0,0),(1029,349,53,1,0.5,0,0),(1030,353,53,1,0.5,0,0),(1031,357,53,1,0.5,0,0),(1032,361,53,1,0.5,0,0),(1033,364,53,1,0.5,0,0),(1034,367,53,1,0.5,0,0),(1035,369,53,1,0.5,0,0),(1036,370,53,1,0.5,0,0),(1037,373,53,1,0.5,0,0),(1038,375,53,1,0.5,0,0),(1039,38,66,10,0.5,0,0),(1040,84,66,10,0.5,0,0),(1041,114,66,10,0.5,0,0),(1042,140,66,10,0.5,0,0),(1043,168,66,10,0.5,0,0),(1044,215,66,10,0.5,0,0),(1045,237,66,10,0.5,0,0),(1046,255,66,10,0.5,0,0),(1047,273,66,10,0.5,0,0),(1048,288,66,10,0.5,0,0),(1049,308,66,10,0.5,0,0),(1050,319,66,10,0.5,0,0),(1051,328,66,10,0.5,0,0),(1052,336,66,10,0.5,0,0),(1053,344,66,10,0.5,0,0),(1054,350,66,10,0.5,0,0),(1055,357,66,10,0.5,0,0),(1056,363,66,10,0.5,0,0),(1057,368,66,10,0.5,0,0),(1058,376,66,10,0.5,0,0),(1059,381,66,10,0.5,0,0),(1060,384,66,10,0.5,0,0),(1061,80,66,10,0.5,0,0),(1062,151,66,10,0.5,0,0),(1063,197,66,10,0.5,0,0),(1064,236,66,10,0.5,0,0),(1065,310,66,10,0.5,0,0),(1066,356,66,10,0.5,0,0),(1067,372,66,10,0.5,0,0),(1068,385,66,10,0.5,0,0),(1069,44,18,14,0.5,0,0),(1070,74,18,14,0.5,0,0),(1071,97,18,14,0.5,0,0),(1072,114,18,14,0.5,0,0),(1073,132,18,14,0.5,0,0),(1074,148,18,14,0.5,0,0),(1075,165,18,14,0.5,0,0),(1076,185,18,14,0.5,0,0),(1077,199,18,14,0.5,0,0),(1078,213,18,14,0.5,0,0),(1079,226,18,14,0.5,0,0),(1080,237,18,14,0.5,0,0),(1081,249,18,14,0.5,0,0),(1082,257,18,14,0.5,0,0),(1083,270,18,14,0.5,0,0),(1084,279,18,14,0.5,0,0),(1085,292,18,14,0.5,0,0),(1086,97,71,7,0.5,0,0),(1087,310,71,7,0.5,0,0),(1088,226,71,7,0.5,0,0),(1089,114,70,7,0.5,0,0),(1090,165,72,7,0.5,0,0),(1091,140,73,7,0.5,0,0),(1092,240,73,7,0.5,0,0),(1093,74,74,7,0.5,0,0),(1094,235,75,7,0.5,0,0),(1095,144,75,7,0.5,0,0),(1096,310,76,7,0.5,0,0),(1097,251,77,7,0.5,0,0),(1098,8,77,7,0.5,0,0),(1099,144,77,7,0.5,0,0),(1100,97,78,7,0.5,0,0),(1101,240,78,7,0.5,0,0),(1102,246,79,7,0.5,0,0),(1103,114,79,7,0.5,0,0),(1104,55,80,7,0.5,0,0),(1105,49,81,7,0.5,0,0),(1106,17,82,8,0.5,0,0),(1107,11,83,8,0.5,0,0),(1108,6,84,8,0.5,0,0),(1109,22,84,8,0.5,0,0),(1110,22,85,8,0.5,0,0),(1111,55,85,8,0.5,0,0),(1112,55,86,8,0.5,0,0),(1113,6,86,8,0.5,0,0),(1114,6,87,8,0.5,0,0),(1115,6,88,8,0.5,0,0),(1116,11,89,8,0.5,0,0),(1117,6,90,8,0.5,0,0),(1118,5,91,8,0.5,0,0),(1119,4,92,8,0.5,0,0),(1120,8,93,9,0.5,0,0),(1121,8,94,9,0.5,0,0),(1122,55,93,9,0.5,0,0),(1123,61,93,9,0.5,0,0),(1124,67,93,9,0.5,0,0),(1125,49,93,9,0.5,0,0),(1126,80,93,9,0.5,0,0),(1127,74,93,9,0.5,0,0),(1128,6,94,9,0.5,0,0),(1129,6,95,9,0.5,0,0),(1130,6,96,9,0.5,0,0),(1131,6,97,9,0.5,0,0),(1132,6,98,9,0.5,0,0),(1133,6,99,9,0.5,0,0),(1134,6,100,9,0,1,0),(1135,6,101,9,0.5,0,0),(1136,3,102,5,0.5,0,0),(1137,3,103,5,0.5,0,0),(1138,3,104,5,0.5,0,0),(1139,3,105,5,0.5,0,0),(1140,3,106,5,0.5,0,0),(1141,3,107,5,0.5,0,0),(1142,3,108,5,0.5,0,0),(1143,3,109,5,0.5,0,0),(1144,3,110,5,0.5,0,0),(1145,3,111,5,0.5,0,0),(1146,3,112,5,0.5,0,0),(1147,3,113,5,0.5,0,0);
/*!40000 ALTER TABLE `learning_conceptquestion` ENABLE KEYS */;
UNLOCK TABLES;

--
-- Table structure for table `learning_currtable`
--

DROP TABLE IF EXISTS `learning_currtable`;
/*!40101 SET @saved_cs_client     = @@character_set_client */;
/*!40101 SET character_set_client = utf8 */;
CREATE TABLE `learning_currtable` (
  `id` int(11) NOT NULL AUTO_INCREMENT,
  `params_id` int(11) NOT NULL,
  `rate` double NOT NULL,
  PRIMARY KEY (`id`),
  KEY `learning_currtable_45bd63ef` (`params_id`),
  CONSTRAINT `params_id_refs_id_726e357e1cc0dcda` FOREIGN KEY (`params_id`) REFERENCES `learning_params` (`id`)
) ENGINE=InnoDB AUTO_INCREMENT=66 DEFAULT CHARSET=latin1;
/*!40101 SET character_set_client = @saved_cs_client */;

--
-- Dumping data for table `learning_currtable`
--

LOCK TABLES `learning_currtable` WRITE;
/*!40000 ALTER TABLE `learning_currtable` DISABLE KEYS */;
INSERT INTO `learning_currtable` VALUES (1,5,299.215),(2,8,1.0444),(3,9,4.0644),(4,10,27.5458),(5,11,0.0363),(6,37,62.4414),(7,38,1.0973),(8,41,2.2669),(9,46,0.1475),(10,49,0.0267),(11,56,0.0398),(12,57,0.7363),(13,67,0.0379),(14,69,10.8633),(15,1,0.9144),(16,2,1.09361),(17,3,0.3937),(18,4,2.54),(19,6,2.11338),(20,7,0.47318),(21,13,0.001),(22,14,0.42268),(23,15,2.36588),(24,16,3.93701),(25,17,0.254),(26,19,0.23659),(27,20,4.22675),(28,21,0.10764),(29,22,9.2903),(30,23,2.58999),(31,24,0.3861),(32,25,0.3048),(33,26,3.28084),(34,27,1.30795),(35,28,0.76455),(36,29,4.73176),(37,30,0.21134),(38,31,-272.15),(39,32,274.15),(40,33,0.00004),(41,34,25899.8811),(42,35,0.32808),(43,36,3.048),(44,39,40.46856),(45,40,0.02471),(46,42,33.8),(47,43,-17.22222),(48,44,0.83613),(49,45,1.19599),(50,47,0.0929),(51,48,10.76391),(52,50,6.7628),(53,51,0.14787),(54,52,67.62805),(55,54,0.02832),(56,55,35.31467),(57,58,61.02374),(58,59,1.05669),(59,60,0.94635),(60,61,-457.87),(61,62,255.92778),(62,63,0.00405),(63,64,6.4516),(64,65,0.155),(65,68,0.62137);
/*!40000 ALTER TABLE `learning_currtable` ENABLE KEYS */;
UNLOCK TABLES;

--
-- Table structure for table `learning_floatmodel`
--

DROP TABLE IF EXISTS `learning_floatmodel`;
/*!40101 SET @saved_cs_client     = @@character_set_client */;
/*!40101 SET character_set_client = utf8 */;
CREATE TABLE `learning_floatmodel` (
  `id` int(11) NOT NULL AUTO_INCREMENT,
  `result` double NOT NULL,
  `answer` double NOT NULL,
  `conceptQuestion_id` int(11) NOT NULL,
  `type_id` int(11) NOT NULL,
  `time` int(11) NOT NULL,
  `user_id` int(11) DEFAULT NULL,
  `label` double DEFAULT NULL,
  `date` datetime NOT NULL,
  PRIMARY KEY (`id`),
  KEY `learning_floatmodel_e097c232` (`conceptQuestion_id`),
  KEY `learning_floatmodel_403d8ff3` (`type_id`),
  KEY `learning_floatmodel_6340c63c` (`user_id`),
  CONSTRAINT `user_id_refs_id_630270d3410ecf4b` FOREIGN KEY (`user_id`) REFERENCES `auth_user` (`id`),
  CONSTRAINT `conceptQuestion_id_refs_id_4115a243f0fcff23` FOREIGN KEY (`conceptQuestion_id`) REFERENCES `learning_conceptquestion` (`id`),
  CONSTRAINT `type_id_refs_id_444862b09187e290` FOREIGN KEY (`type_id`) REFERENCES `learning_type` (`id`)
) ENGINE=InnoDB DEFAULT CHARSET=latin1;
/*!40101 SET character_set_client = @saved_cs_client */;

--
-- Dumping data for table `learning_floatmodel`
--

LOCK TABLES `learning_floatmodel` WRITE;
/*!40000 ALTER TABLE `learning_floatmodel` DISABLE KEYS */;
/*!40000 ALTER TABLE `learning_floatmodel` ENABLE KEYS */;
UNLOCK TABLES;

--
-- Table structure for table `learning_number`
--

DROP TABLE IF EXISTS `learning_number`;
/*!40101 SET @saved_cs_client     = @@character_set_client */;
/*!40101 SET character_set_client = utf8 */;
CREATE TABLE `learning_number` (
  `id` int(11) NOT NULL AUTO_INCREMENT,
  `number` double NOT NULL,
  PRIMARY KEY (`id`),
  UNIQUE KEY `number` (`number`)
) ENGINE=InnoDB AUTO_INCREMENT=513 DEFAULT CHARSET=latin1;
/*!40101 SET character_set_client = @saved_cs_client */;

--
-- Dumping data for table `learning_number`
--

LOCK TABLES `learning_number` WRITE;
/*!40000 ALTER TABLE `learning_number` DISABLE KEYS */;
INSERT INTO `learning_number` VALUES (1,-5),(2,-2.5),(3,-1),(4,0),(5,1),(6,2),(7,2.5),(8,3),(9,3.26),(10,3.89),(11,4),(12,4.23),(13,4.46),(14,4.52),(15,4.78),(16,4.79),(17,5),(18,5.46),(19,5.58),(20,5.67),(21,5.78),(22,6),(23,6.37),(24,6.56),(25,6.69),(26,6.92),(27,7),(28,7.04),(29,7.16),(30,7.45),(31,7.5),(32,7.92),(33,7.95),(34,8.21),(35,8.3),(36,8.34),(37,8.74),(38,9),(39,9.15),(40,9.23),(41,9.38),(42,9.53),(43,9.56),(44,10),(45,10.12),(46,10.32),(47,10.38),(48,10.82),(49,11),(50,11.01),(51,11.11),(52,11.61),(53,11.84),(54,11.9),(55,12),(56,12.08),(57,12.5),(58,12.69),(59,12.84),(60,12.94),(61,13),(62,13.34),(63,13.42),(64,13.48),(65,13.61),(66,13.72),(67,14),(68,14.07),(69,14.27),(70,14.3),(71,14.5),(72,14.58),(73,14.6),(74,15),(75,15.06),(76,15.21),(77,15.3),(78,15.85),(79,15.86),(80,16),(81,16.53),(82,16.64),(83,16.76),(84,17),(85,17.12),(86,17.5),(87,17.79),(88,17.96),(89,18),(90,18.24),(91,18.29),(92,18.63),(93,19),(94,19.19),(95,19.22),(96,19.45),(97,20),(98,20.16),(99,20.36),(100,20.42),(101,21),(102,21.22),(103,21.42),(104,21.68),(105,21.88),(106,22),(107,22.44),(108,22.5),(109,23),(110,23.34),(111,23.5),(112,23.84),(113,24),(114,25),(115,25.74),(116,26),(117,26.36),(118,26.92),(119,27),(120,27.36),(121,27.38),(122,27.5),(123,27.63),(124,28),(125,28.19),(126,28.34),(127,28.41),(128,28.83),(129,29),(130,29.05),(131,29.84),(132,30),(133,30.82),(134,31),(135,31.16),(136,31.32),(137,32),(138,32.5),(139,32.58),(140,33),(141,33.58),(142,33.84),(143,33.9),(144,34),(145,34.19),(146,34.26),(147,34.48),(148,35),(149,35.57),(150,35.88),(151,36),(152,36.38),(153,36.44),(154,36.72),(155,36.9),(156,37),(157,37.42),(158,37.5),(159,38),(160,39),(161,39.26),(162,39.47),(163,39.76),(164,39.88),(165,40),(166,40.05),(167,40.82),(168,41),(169,41.5),(170,41.68),(171,42),(172,42.48),(173,42.5),(174,42.6),(175,42.68),(176,43),(177,43.5),(178,43.76),(179,44),(180,44.05),(181,44.57),(182,44.68),(183,44.72),(184,44.84),(185,45),(186,46),(187,46.26),(188,46.38),(189,46.87),(190,47),(191,48),(192,48.06),(193,48.35),(194,48.6),(195,48.68),(196,48.7),(197,49),(198,49.37),(199,50),(200,50.5),(201,50.72),(202,51),(203,51.95),(204,52),(205,52.76),(206,53),(207,53.08),(208,53.23),(209,53.64),(210,53.8),(211,54),(212,54.84),(213,55),(214,56),(215,57),(216,57.02),(217,57.32),(218,57.64),(219,58),(220,58.1),(221,58.57),(222,58.84),(223,59),(224,59.22),(225,59.5),(226,60),(227,60.02),(228,60.14),(229,60.95),(230,61.16),(231,62),(232,62.08),(233,62.76),(234,62.8),(235,63),(236,64),(237,65),(238,65.16),(239,65.64),(240,66),(241,67),(242,67.52),(243,68),(244,68.33),(245,68.5),(246,69),(247,69.14),(248,69.44),(249,70),(250,70.76),(251,71),(252,71.36),(253,71.72),(254,72.26),(255,73),(256,74),(257,75),(258,75.45),(259,76.52),(260,76.94),(261,77),(262,77.25),(263,77.33),(264,77.5),(265,78),(266,78.05),(267,78.36),(268,79),(269,79.44),(270,80),(271,80.68),(272,80.95),(273,81),(274,82),(275,82.14),(276,82.95),(277,83),(278,84.71),(279,85),(280,85.52),(281,85.7),(282,85.8),(283,86),(284,86.36),(285,86.5),(286,87),(287,88),(288,89),(289,89.64),(290,89.68),(291,89.74),(292,90),(293,90.46),(294,91),(295,91.7),(296,92),(297,92.9),(298,93),(299,93.71),(300,95),(301,95.14),(302,95.5),(303,95.78),(304,96),(305,96.7),(306,96.74),(307,96.8),(308,97),(309,98),(310,100),(311,101),(312,101.09),(313,101.9),(314,102.16),(315,103),(316,104),(317,104.03),(318,104.5),(319,105),(320,105.2),(321,106),(322,107.1),(323,107.33),(324,108),(325,109),(326,110),(327,111),(328,113),(329,113.5),(330,114.16),(331,114.28),(332,116),(333,118),(334,119),(335,119.52),(336,121),(337,122),(338,122.5),(339,123),(340,125),(341,127),(342,128),(343,128.53),(344,129),(345,131.5),(346,131.71),(347,133),(348,134),(349,136),(350,137),(351,138),(352,140),(353,140.5),(354,143),(355,143.9),(356,144),(357,145),(358,146),(359,146.42),(360,148),(361,149.5),(362,152),(363,153),(364,154),(365,156.09),(366,158),(367,158.5),(368,161),(369,163),(370,167.5),(371,168),(372,169),(373,172),(374,173),(375,176.5),(376,177),(377,178),(378,178.56),(379,181),(380,183),(381,185),(382,185.14),(383,188),(384,193),(385,196),(386,198),(387,201),(388,203),(389,204.5),(390,207.06),(391,208),(392,210.7),(393,213),(394,218),(395,223),(396,228),(397,233),(398,238),(399,242.84),(400,243),(401,248),(402,253),(403,258),(404,263),(405,268),(406,270.28),(407,271),(408,273),(409,274),(410,274.98),(411,277),(412,278),(413,280),(414,283),(415,285.59),(416,286),(417,288),(418,289),(419,292),(420,293),(421,295),(422,298),(423,300),(424,301),(425,303),(426,304),(427,307),(428,308),(429,309),(430,310),(431,313),(432,316),(433,318),(434,323),(435,328),(436,333),(437,338),(438,343),(439,348),(440,353),(441,355.42),(442,358),(443,363),(444,364.12),(445,368),(446,373),(447,376),(448,378),(449,383),(450,388),(451,393),(452,398),(453,403),(454,413.5),(455,414),(456,440.56),(457,442.65),(458,452),(459,490),(460,500),(461,518),(462,521.18),(463,525.7),(464,528),(465,566),(466,604),(467,610.84),(468,622.5),(469,623),(470,642),(471,680),(472,695.98),(473,718),(474,727),(475,746),(476,756),(477,781.12),(478,794),(479,831.5),(480,832),(481,866.26),(482,869),(483,870),(484,908),(485,936),(486,946),(487,951.4),(488,984),(489,992),(490,1022),(491,1036.54),(492,1040.5),(493,1060),(494,1098),(495,1115),(496,1136),(497,1174),(498,1212),(499,1238),(500,1250),(501,1288),(502,1326),(503,1361),(504,1364),(505,1402),(506,1440),(507,1478),(508,1484),(509,1516),(510,1554),(511,1592),(512,1607);
/*!40000 ALTER TABLE `learning_number` ENABLE KEYS */;
UNLOCK TABLES;

--
-- Table structure for table `learning_params`
--

DROP TABLE IF EXISTS `learning_params`;
/*!40101 SET @saved_cs_client     = @@character_set_client */;
/*!40101 SET character_set_client = utf8 */;
CREATE TABLE `learning_params` (
  `id` int(11) NOT NULL AUTO_INCREMENT,
  `concept_id` int(11) NOT NULL,
  `reverse` tinyint(1) NOT NULL,
  PRIMARY KEY (`id`),
  KEY `learning_params_8a386586` (`concept_id`),
  CONSTRAINT `concept_id_refs_id_33549d80f8b218d6` FOREIGN KEY (`concept_id`) REFERENCES `learning_concept` (`id`)
) ENGINE=InnoDB AUTO_INCREMENT=114 DEFAULT CHARSET=latin1;
/*!40101 SET character_set_client = @saved_cs_client */;

--
-- Dumping data for table `learning_params`
--

LOCK TABLES `learning_params` WRITE;
/*!40000 ALTER TABLE `learning_params` DISABLE KEYS */;
INSERT INTO `learning_params` VALUES (1,1,1),(2,1,0),(3,2,1),(4,2,0),(5,3,0),(6,4,1),(7,4,0),(8,5,0),(9,6,0),(10,7,1),(11,7,0),(12,8,0),(13,9,0),(14,10,1),(15,10,0),(16,11,1),(17,11,0),(18,12,0),(19,13,1),(20,13,0),(21,14,1),(22,14,0),(23,15,1),(24,15,0),(25,18,1),(26,18,0),(27,19,1),(28,19,0),(29,20,1),(30,20,0),(31,21,1),(32,21,0),(33,22,1),(34,22,0),(35,23,1),(36,23,0),(37,24,0),(38,25,0),(39,26,1),(40,26,0),(41,28,0),(42,29,1),(43,29,0),(44,30,1),(45,30,0),(46,31,0),(47,36,1),(48,36,0),(49,37,0),(50,38,1),(51,38,0),(52,39,0),(53,40,0),(54,41,1),(55,41,0),(56,47,0),(57,48,0),(58,49,0),(59,50,1),(60,50,0),(61,51,1),(62,51,0),(63,59,0),(64,60,1),(65,60,0),(66,62,0),(67,63,0),(68,64,0),(69,67,0),(70,70,0),(71,71,0),(72,72,0),(73,73,0),(74,74,0),(75,75,0),(76,76,0),(77,77,0),(78,78,0),(79,79,0),(80,80,0),(81,81,0),(82,82,0),(83,83,0),(84,84,0),(85,85,0),(86,86,0),(87,87,0),(88,88,0),(89,89,0),(90,90,0),(91,91,0),(92,92,0),(93,93,0),(94,94,0),(95,95,0),(96,96,0),(97,97,0),(98,98,0),(99,99,0),(100,100,0),(101,101,0),(102,102,0),(103,103,0),(104,104,0),(105,105,0),(106,106,0),(107,107,0),(108,108,0),(109,109,0),(110,110,0),(111,111,0),(112,112,0),(113,113,0);
/*!40000 ALTER TABLE `learning_params` ENABLE KEYS */;
UNLOCK TABLES;

--
-- Table structure for table `learning_type`
--

DROP TABLE IF EXISTS `learning_type`;
/*!40101 SET @saved_cs_client     = @@character_set_client */;
/*!40101 SET character_set_client = utf8 */;
CREATE TABLE `learning_type` (
  `id` int(11) NOT NULL AUTO_INCREMENT,
  `type` varchar(8) NOT NULL,
  PRIMARY KEY (`id`),
  UNIQUE KEY `type` (`type`)
) ENGINE=InnoDB AUTO_INCREMENT=15 DEFAULT CHARSET=latin1;
/*!40101 SET character_set_client = @saved_cs_client */;

--
-- Dumping data for table `learning_type`
--

LOCK TABLES `learning_type` WRITE;
/*!40000 ALTER TABLE `learning_type` DISABLE KEYS */;
INSERT INTO `learning_type` VALUES (1,'angle'),(2,'c'),(3,'curr'),(4,'e'),(5,'equa'),(6,'len'),(7,'line'),(8,'obj'),(9,'sqr'),(10,'sqrt'),(11,'surf'),(12,'temp'),(13,'vol'),(14,'water');
/*!40000 ALTER TABLE `learning_type` ENABLE KEYS */;
UNLOCK TABLES;

--
-- Table structure for table `learning_userskill`
--

DROP TABLE IF EXISTS `learning_userskill`;
/*!40101 SET @saved_cs_client     = @@character_set_client */;
/*!40101 SET character_set_client = utf8 */;
CREATE TABLE `learning_userskill` (
  `id` int(11) NOT NULL AUTO_INCREMENT,
  `user_id` int(11) NOT NULL,
  `skill` double NOT NULL,
  `concept_id` int(11) NOT NULL,
  `number` int(11) NOT NULL,
  PRIMARY KEY (`id`),
  KEY `learning_userskill_6340c63c` (`user_id`),
  KEY `learning_userskill_8a386586` (`concept_id`),
  CONSTRAINT `concept_id_refs_id_1da79edbe78b9195` FOREIGN KEY (`concept_id`) REFERENCES `learning_concept` (`id`),
  CONSTRAINT `user_id_refs_id_36ffc26e7528aad` FOREIGN KEY (`user_id`) REFERENCES `auth_user` (`id`)
) ENGINE=InnoDB DEFAULT CHARSET=latin1;
/*!40101 SET character_set_client = @saved_cs_client */;

--
-- Dumping data for table `learning_userskill`
--

LOCK TABLES `learning_userskill` WRITE;
/*!40000 ALTER TABLE `learning_userskill` DISABLE KEYS */;
/*!40000 ALTER TABLE `learning_userskill` ENABLE KEYS */;
UNLOCK TABLES;

--
-- Table structure for table `social_auth_association`
--

DROP TABLE IF EXISTS `social_auth_association`;
/*!40101 SET @saved_cs_client     = @@character_set_client */;
/*!40101 SET character_set_client = utf8 */;
CREATE TABLE `social_auth_association` (
  `id` int(11) NOT NULL AUTO_INCREMENT,
  `server_url` varchar(255) NOT NULL,
  `handle` varchar(255) NOT NULL,
  `secret` varchar(255) NOT NULL,
  `issued` int(11) NOT NULL,
  `lifetime` int(11) NOT NULL,
  `assoc_type` varchar(64) NOT NULL,
  PRIMARY KEY (`id`),
  UNIQUE KEY `social_auth_association_server_url_17bf7e87f2968244_uniq` (`server_url`,`handle`),
  KEY `social_auth_association_93d95bdf` (`issued`)
) ENGINE=InnoDB DEFAULT CHARSET=latin1;
/*!40101 SET character_set_client = @saved_cs_client */;

--
-- Dumping data for table `social_auth_association`
--

LOCK TABLES `social_auth_association` WRITE;
/*!40000 ALTER TABLE `social_auth_association` DISABLE KEYS */;
/*!40000 ALTER TABLE `social_auth_association` ENABLE KEYS */;
UNLOCK TABLES;

--
-- Table structure for table `social_auth_nonce`
--

DROP TABLE IF EXISTS `social_auth_nonce`;
/*!40101 SET @saved_cs_client     = @@character_set_client */;
/*!40101 SET character_set_client = utf8 */;
CREATE TABLE `social_auth_nonce` (
  `id` int(11) NOT NULL AUTO_INCREMENT,
  `server_url` varchar(255) NOT NULL,
  `timestamp` int(11) NOT NULL,
  `salt` varchar(40) NOT NULL,
  PRIMARY KEY (`id`),
  UNIQUE KEY `social_auth_nonce_server_url_36601f978463b4_uniq` (`server_url`,`timestamp`,`salt`),
  KEY `social_auth_nonce_d80b9c9a` (`timestamp`)
) ENGINE=InnoDB DEFAULT CHARSET=latin1;
/*!40101 SET character_set_client = @saved_cs_client */;

--
-- Dumping data for table `social_auth_nonce`
--

LOCK TABLES `social_auth_nonce` WRITE;
/*!40000 ALTER TABLE `social_auth_nonce` DISABLE KEYS */;
/*!40000 ALTER TABLE `social_auth_nonce` ENABLE KEYS */;
UNLOCK TABLES;

--
-- Table structure for table `social_auth_usersocialauth`
--

DROP TABLE IF EXISTS `social_auth_usersocialauth`;
/*!40101 SET @saved_cs_client     = @@character_set_client */;
/*!40101 SET character_set_client = utf8 */;
CREATE TABLE `social_auth_usersocialauth` (
  `id` int(11) NOT NULL AUTO_INCREMENT,
  `user_id` int(11) NOT NULL,
  `provider` varchar(32) NOT NULL,
  `uid` varchar(255) NOT NULL,
  `extra_data` longtext NOT NULL,
  PRIMARY KEY (`id`),
  UNIQUE KEY `social_auth_usersocialauth_provider_2f763109e2c4a1fb_uniq` (`provider`,`uid`),
  KEY `social_auth_usersocialauth_6340c63c` (`user_id`),
  CONSTRAINT `user_id_refs_id_529c317860fa311b` FOREIGN KEY (`user_id`) REFERENCES `auth_user` (`id`)
) ENGINE=InnoDB DEFAULT CHARSET=latin1;
/*!40101 SET character_set_client = @saved_cs_client */;

--
-- Dumping data for table `social_auth_usersocialauth`
--

LOCK TABLES `social_auth_usersocialauth` WRITE;
/*!40000 ALTER TABLE `social_auth_usersocialauth` DISABLE KEYS */;
/*!40000 ALTER TABLE `social_auth_usersocialauth` ENABLE KEYS */;
UNLOCK TABLES;

--
-- Table structure for table `south_migrationhistory`
--

DROP TABLE IF EXISTS `south_migrationhistory`;
/*!40101 SET @saved_cs_client     = @@character_set_client */;
/*!40101 SET character_set_client = utf8 */;
CREATE TABLE `south_migrationhistory` (
  `id` int(11) NOT NULL AUTO_INCREMENT,
  `app_name` varchar(255) NOT NULL,
  `migration` varchar(255) NOT NULL,
  `applied` datetime NOT NULL,
  PRIMARY KEY (`id`)
) ENGINE=InnoDB AUTO_INCREMENT=4 DEFAULT CHARSET=latin1;
/*!40101 SET character_set_client = @saved_cs_client */;

--
-- Dumping data for table `south_migrationhistory`
--

LOCK TABLES `south_migrationhistory` WRITE;
/*!40000 ALTER TABLE `south_migrationhistory` DISABLE KEYS */;
INSERT INTO `south_migrationhistory` VALUES (1,'learning','0001_initial','2015-04-03 16:35:53'),(2,'lazysignup','0001_initial','2015-04-03 16:36:14'),(3,'social_auth','0001_initial','2015-04-03 16:36:27');
/*!40000 ALTER TABLE `south_migrationhistory` ENABLE KEYS */;
UNLOCK TABLES;
/*!40103 SET TIME_ZONE=@OLD_TIME_ZONE */;

/*!40101 SET SQL_MODE=@OLD_SQL_MODE */;
/*!40014 SET FOREIGN_KEY_CHECKS=@OLD_FOREIGN_KEY_CHECKS */;
/*!40014 SET UNIQUE_CHECKS=@OLD_UNIQUE_CHECKS */;
/*!40101 SET CHARACTER_SET_CLIENT=@OLD_CHARACTER_SET_CLIENT */;
/*!40101 SET CHARACTER_SET_RESULTS=@OLD_CHARACTER_SET_RESULTS */;
/*!40101 SET COLLATION_CONNECTION=@OLD_COLLATION_CONNECTION */;
/*!40111 SET SQL_NOTES=@OLD_SQL_NOTES */;

-- Dump completed on 2015-04-03 18:50:30
