-- MySQL dump 10.13  Distrib 5.5.41, for debian-linux-gnu (x86_64)
--
-- Host: localhost    Database: estimation_db
-- ------------------------------------------------------
-- Server version	5.5.41-0ubuntu0.14.04.1

/*!40101 SET @OLD_CHARACTER_SET_CLIENT=@@CHARACTER_SET_CLIENT */;
/*!40101 SET @OLD_CHARACTER_SET_RESULTS=@@CHARACTER_SET_RESULTS */;
/*!40101 SET @OLD_COLLATION_CONNECTION=@@COLLATION_CONNECTION */;
/*!40101 SET NAMES utf8 */;
/*!40103 SET @OLD_TIME_ZONE=@@TIME_ZONE */;
/*!40103 SET TIME_ZONE='+00:00' */;
/*!40014 SET @OLD_UNIQUE_CHECKS=@@UNIQUE_CHECKS, UNIQUE_CHECKS=0 */;
/*!40014 SET @OLD_FOREIGN_KEY_CHECKS=@@FOREIGN_KEY_CHECKS, FOREIGN_KEY_CHECKS=0 */;
/*!40101 SET @OLD_SQL_MODE=@@SQL_MODE, SQL_MODE='NO_AUTO_VALUE_ON_ZERO' */;
/*!40111 SET @OLD_SQL_NOTES=@@SQL_NOTES, SQL_NOTES=0 */;

--
-- Table structure for table `auth_group`
--

DROP TABLE IF EXISTS `auth_group`;
/*!40101 SET @saved_cs_client     = @@character_set_client */;
/*!40101 SET character_set_client = utf8 */;
CREATE TABLE `auth_group` (
  `id` int(11) NOT NULL AUTO_INCREMENT,
  `name` varchar(80) NOT NULL,
  PRIMARY KEY (`id`),
  UNIQUE KEY `name` (`name`)
) ENGINE=InnoDB DEFAULT CHARSET=latin1;
/*!40101 SET character_set_client = @saved_cs_client */;

--
-- Dumping data for table `auth_group`
--

LOCK TABLES `auth_group` WRITE;
/*!40000 ALTER TABLE `auth_group` DISABLE KEYS */;
/*!40000 ALTER TABLE `auth_group` ENABLE KEYS */;
UNLOCK TABLES;

--
-- Table structure for table `auth_group_permissions`
--

DROP TABLE IF EXISTS `auth_group_permissions`;
/*!40101 SET @saved_cs_client     = @@character_set_client */;
/*!40101 SET character_set_client = utf8 */;
CREATE TABLE `auth_group_permissions` (
  `id` int(11) NOT NULL AUTO_INCREMENT,
  `group_id` int(11) NOT NULL,
  `permission_id` int(11) NOT NULL,
  PRIMARY KEY (`id`),
  UNIQUE KEY `group_id` (`group_id`,`permission_id`),
  KEY `auth_group_permissions_5f412f9a` (`group_id`),
  KEY `auth_group_permissions_83d7f98b` (`permission_id`),
  CONSTRAINT `group_id_refs_id_f4b32aac` FOREIGN KEY (`group_id`) REFERENCES `auth_group` (`id`),
  CONSTRAINT `permission_id_refs_id_6ba0f519` FOREIGN KEY (`permission_id`) REFERENCES `auth_permission` (`id`)
) ENGINE=InnoDB DEFAULT CHARSET=latin1;
/*!40101 SET character_set_client = @saved_cs_client */;

--
-- Dumping data for table `auth_group_permissions`
--

LOCK TABLES `auth_group_permissions` WRITE;
/*!40000 ALTER TABLE `auth_group_permissions` DISABLE KEYS */;
/*!40000 ALTER TABLE `auth_group_permissions` ENABLE KEYS */;
UNLOCK TABLES;

--
-- Table structure for table `auth_permission`
--

DROP TABLE IF EXISTS `auth_permission`;
/*!40101 SET @saved_cs_client     = @@character_set_client */;
/*!40101 SET character_set_client = utf8 */;
CREATE TABLE `auth_permission` (
  `id` int(11) NOT NULL AUTO_INCREMENT,
  `name` varchar(50) NOT NULL,
  `content_type_id` int(11) NOT NULL,
  `codename` varchar(100) NOT NULL,
  PRIMARY KEY (`id`),
  UNIQUE KEY `content_type_id` (`content_type_id`,`codename`),
  KEY `auth_permission_37ef4eb4` (`content_type_id`),
  CONSTRAINT `content_type_id_refs_id_d043b34a` FOREIGN KEY (`content_type_id`) REFERENCES `django_content_type` (`id`)
) ENGINE=InnoDB AUTO_INCREMENT=40 DEFAULT CHARSET=latin1;
/*!40101 SET character_set_client = @saved_cs_client */;

--
-- Dumping data for table `auth_permission`
--

LOCK TABLES `auth_permission` WRITE;
/*!40000 ALTER TABLE `auth_permission` DISABLE KEYS */;
INSERT INTO `auth_permission` VALUES (1,'Can add migration history',1,'add_migrationhistory'),(2,'Can change migration history',1,'change_migrationhistory'),(3,'Can delete migration history',1,'delete_migrationhistory'),(4,'Can add log entry',2,'add_logentry'),(5,'Can change log entry',2,'change_logentry'),(6,'Can delete log entry',2,'delete_logentry'),(7,'Can add permission',3,'add_permission'),(8,'Can change permission',3,'change_permission'),(9,'Can delete permission',3,'delete_permission'),(10,'Can add group',4,'add_group'),(11,'Can change group',4,'change_group'),(12,'Can delete group',4,'delete_group'),(13,'Can add user',5,'add_user'),(14,'Can change user',5,'change_user'),(15,'Can delete user',5,'delete_user'),(16,'Can add content type',6,'add_contenttype'),(17,'Can change content type',6,'change_contenttype'),(18,'Can delete content type',6,'delete_contenttype'),(19,'Can add session',7,'add_session'),(20,'Can change session',7,'change_session'),(21,'Can delete session',7,'delete_session'),(22,'Can add float model',8,'add_floatmodel'),(23,'Can change float model',8,'change_floatmodel'),(24,'Can delete float model',8,'delete_floatmodel'),(25,'Can add concept',9,'add_concept'),(26,'Can change concept',9,'change_concept'),(27,'Can delete concept',9,'delete_concept'),(28,'Can add params',10,'add_params'),(29,'Can change params',10,'change_params'),(30,'Can delete params',10,'delete_params'),(31,'Can add questions',11,'add_questions'),(32,'Can change questions',11,'change_questions'),(33,'Can delete questions',11,'delete_questions'),(34,'Can add type',12,'add_type'),(35,'Can change type',12,'change_type'),(36,'Can delete type',12,'delete_type'),(37,'Can add user skill',13,'add_userskill'),(38,'Can change user skill',13,'change_userskill'),(39,'Can delete user skill',13,'delete_userskill');
/*!40000 ALTER TABLE `auth_permission` ENABLE KEYS */;
UNLOCK TABLES;

--
-- Table structure for table `auth_user`
--

DROP TABLE IF EXISTS `auth_user`;
/*!40101 SET @saved_cs_client     = @@character_set_client */;
/*!40101 SET character_set_client = utf8 */;
CREATE TABLE `auth_user` (
  `id` int(11) NOT NULL AUTO_INCREMENT,
  `password` varchar(128) NOT NULL,
  `last_login` datetime NOT NULL,
  `is_superuser` tinyint(1) NOT NULL,
  `username` varchar(30) NOT NULL,
  `first_name` varchar(30) NOT NULL,
  `last_name` varchar(30) NOT NULL,
  `email` varchar(75) NOT NULL,
  `is_staff` tinyint(1) NOT NULL,
  `is_active` tinyint(1) NOT NULL,
  `date_joined` datetime NOT NULL,
  PRIMARY KEY (`id`),
  UNIQUE KEY `username` (`username`)
) ENGINE=InnoDB AUTO_INCREMENT=3 DEFAULT CHARSET=latin1;
/*!40101 SET character_set_client = @saved_cs_client */;

--
-- Dumping data for table `auth_user`
--

LOCK TABLES `auth_user` WRITE;
/*!40000 ALTER TABLE `auth_user` DISABLE KEYS */;
INSERT INTO `auth_user` VALUES (1,'pbkdf2_sha256$12000$doFwarO6PiBs$PsDq1mjUaFQcn6yckm12YD1Ic8KP0Spy6lC3e1hAodY=','2015-02-27 15:41:04',1,'admin','','','stone99@azet.sk',1,1,'2015-02-27 15:41:04'),(2,'pbkdf2_sha256$12000$peTSyG1leHbY$pwG8zbtYMf7JeJOB6p7NrtkTz3WX+8mAd1rePtle+30=','2015-03-08 09:56:49',0,'tester','','','tester@azet.sk',0,1,'2015-03-07 17:39:23');
/*!40000 ALTER TABLE `auth_user` ENABLE KEYS */;
UNLOCK TABLES;

--
-- Table structure for table `auth_user_groups`
--

DROP TABLE IF EXISTS `auth_user_groups`;
/*!40101 SET @saved_cs_client     = @@character_set_client */;
/*!40101 SET character_set_client = utf8 */;
CREATE TABLE `auth_user_groups` (
  `id` int(11) NOT NULL AUTO_INCREMENT,
  `user_id` int(11) NOT NULL,
  `group_id` int(11) NOT NULL,
  PRIMARY KEY (`id`),
  UNIQUE KEY `user_id` (`user_id`,`group_id`),
  KEY `auth_user_groups_6340c63c` (`user_id`),
  KEY `auth_user_groups_5f412f9a` (`group_id`),
  CONSTRAINT `group_id_refs_id_274b862c` FOREIGN KEY (`group_id`) REFERENCES `auth_group` (`id`),
  CONSTRAINT `user_id_refs_id_40c41112` FOREIGN KEY (`user_id`) REFERENCES `auth_user` (`id`)
) ENGINE=InnoDB DEFAULT CHARSET=latin1;
/*!40101 SET character_set_client = @saved_cs_client */;

--
-- Dumping data for table `auth_user_groups`
--

LOCK TABLES `auth_user_groups` WRITE;
/*!40000 ALTER TABLE `auth_user_groups` DISABLE KEYS */;
/*!40000 ALTER TABLE `auth_user_groups` ENABLE KEYS */;
UNLOCK TABLES;

--
-- Table structure for table `auth_user_user_permissions`
--

DROP TABLE IF EXISTS `auth_user_user_permissions`;
/*!40101 SET @saved_cs_client     = @@character_set_client */;
/*!40101 SET character_set_client = utf8 */;
CREATE TABLE `auth_user_user_permissions` (
  `id` int(11) NOT NULL AUTO_INCREMENT,
  `user_id` int(11) NOT NULL,
  `permission_id` int(11) NOT NULL,
  PRIMARY KEY (`id`),
  UNIQUE KEY `user_id` (`user_id`,`permission_id`),
  KEY `auth_user_user_permissions_6340c63c` (`user_id`),
  KEY `auth_user_user_permissions_83d7f98b` (`permission_id`),
  CONSTRAINT `permission_id_refs_id_35d9ac25` FOREIGN KEY (`permission_id`) REFERENCES `auth_permission` (`id`),
  CONSTRAINT `user_id_refs_id_4dc23c39` FOREIGN KEY (`user_id`) REFERENCES `auth_user` (`id`)
) ENGINE=InnoDB DEFAULT CHARSET=latin1;
/*!40101 SET character_set_client = @saved_cs_client */;

--
-- Dumping data for table `auth_user_user_permissions`
--

LOCK TABLES `auth_user_user_permissions` WRITE;
/*!40000 ALTER TABLE `auth_user_user_permissions` DISABLE KEYS */;
/*!40000 ALTER TABLE `auth_user_user_permissions` ENABLE KEYS */;
UNLOCK TABLES;

--
-- Table structure for table `django_admin_log`
--

DROP TABLE IF EXISTS `django_admin_log`;
/*!40101 SET @saved_cs_client     = @@character_set_client */;
/*!40101 SET character_set_client = utf8 */;
CREATE TABLE `django_admin_log` (
  `id` int(11) NOT NULL AUTO_INCREMENT,
  `action_time` datetime NOT NULL,
  `user_id` int(11) NOT NULL,
  `content_type_id` int(11) DEFAULT NULL,
  `object_id` longtext,
  `object_repr` varchar(200) NOT NULL,
  `action_flag` smallint(5) unsigned NOT NULL,
  `change_message` longtext NOT NULL,
  PRIMARY KEY (`id`),
  KEY `django_admin_log_6340c63c` (`user_id`),
  KEY `django_admin_log_37ef4eb4` (`content_type_id`),
  CONSTRAINT `content_type_id_refs_id_93d2d1f8` FOREIGN KEY (`content_type_id`) REFERENCES `django_content_type` (`id`),
  CONSTRAINT `user_id_refs_id_c0d12874` FOREIGN KEY (`user_id`) REFERENCES `auth_user` (`id`)
) ENGINE=InnoDB DEFAULT CHARSET=latin1;
/*!40101 SET character_set_client = @saved_cs_client */;

--
-- Dumping data for table `django_admin_log`
--

LOCK TABLES `django_admin_log` WRITE;
/*!40000 ALTER TABLE `django_admin_log` DISABLE KEYS */;
/*!40000 ALTER TABLE `django_admin_log` ENABLE KEYS */;
UNLOCK TABLES;

--
-- Table structure for table `django_content_type`
--

DROP TABLE IF EXISTS `django_content_type`;
/*!40101 SET @saved_cs_client     = @@character_set_client */;
/*!40101 SET character_set_client = utf8 */;
CREATE TABLE `django_content_type` (
  `id` int(11) NOT NULL AUTO_INCREMENT,
  `name` varchar(100) NOT NULL,
  `app_label` varchar(100) NOT NULL,
  `model` varchar(100) NOT NULL,
  PRIMARY KEY (`id`),
  UNIQUE KEY `app_label` (`app_label`,`model`)
) ENGINE=InnoDB AUTO_INCREMENT=14 DEFAULT CHARSET=latin1;
/*!40101 SET character_set_client = @saved_cs_client */;

--
-- Dumping data for table `django_content_type`
--

LOCK TABLES `django_content_type` WRITE;
/*!40000 ALTER TABLE `django_content_type` DISABLE KEYS */;
INSERT INTO `django_content_type` VALUES (1,'migration history','south','migrationhistory'),(2,'log entry','admin','logentry'),(3,'permission','auth','permission'),(4,'group','auth','group'),(5,'user','auth','user'),(6,'content type','contenttypes','contenttype'),(7,'session','sessions','session'),(8,'float model','learning','floatmodel'),(9,'concept','learning','concept'),(10,'params','learning','params'),(11,'questions','learning','questions'),(12,'type','learning','type'),(13,'user skill','learning','userskill');
/*!40000 ALTER TABLE `django_content_type` ENABLE KEYS */;
UNLOCK TABLES;

--
-- Table structure for table `django_session`
--

DROP TABLE IF EXISTS `django_session`;
/*!40101 SET @saved_cs_client     = @@character_set_client */;
/*!40101 SET character_set_client = utf8 */;
CREATE TABLE `django_session` (
  `session_key` varchar(40) NOT NULL,
  `session_data` longtext NOT NULL,
  `expire_date` datetime NOT NULL,
  PRIMARY KEY (`session_key`),
  KEY `django_session_b7b81f0c` (`expire_date`)
) ENGINE=InnoDB DEFAULT CHARSET=latin1;
/*!40101 SET character_set_client = @saved_cs_client */;

--
-- Dumping data for table `django_session`
--

LOCK TABLES `django_session` WRITE;
/*!40000 ALTER TABLE `django_session` DISABLE KEYS */;
INSERT INTO `django_session` VALUES ('0ugj30prkntubn66b17lfbuqd8k0fqbk','ZWRjZDQ5MTkyNGRkNDg3ZTIxNTk4NTgzYmQwNTYyN2ViODIxMWI2Nzp7Il9hdXRoX3VzZXJfYmFja2VuZCI6ImRqYW5nby5jb250cmliLmF1dGguYmFja2VuZHMuTW9kZWxCYWNrZW5kIiwiX2F1dGhfdXNlcl9pZCI6Mn0=','2015-03-21 17:45:16'),('6449pfdoh5fskxxzxfegg63izbr8aolz','MzM1ZDgyNmI1ZDY1MWRhOGE3MTVjNzAwNzRkYTA0NzJlOWJmMjA4MDp7fQ==','2015-03-13 20:36:30'),('c2ykqi7ns16qhc4bmb0xv9vppeos8ikw','MjQ2MmU1YTRlZmU3MTI3ZjU2YTZkZTMyYTZiOGFmNWE3ZDM5M2I3MTp7ImVoIjpbImUiLCJibyJdLCJfYXV0aF91c2VyX2lkIjoyLCJfYXV0aF91c2VyX2JhY2tlbmQiOiJkamFuZ28uY29udHJpYi5hdXRoLmJhY2tlbmRzLk1vZGVsQmFja2VuZCJ9','2015-03-22 11:43:03');
/*!40000 ALTER TABLE `django_session` ENABLE KEYS */;
UNLOCK TABLES;

--
-- Table structure for table `learning_concept`
--

DROP TABLE IF EXISTS `learning_concept`;
/*!40101 SET @saved_cs_client     = @@character_set_client */;
/*!40101 SET character_set_client = utf8 */;
CREATE TABLE `learning_concept` (
  `id` int(11) NOT NULL AUTO_INCREMENT,
  `question_id` int(11) NOT NULL,
  `type_id` int(11) NOT NULL,
  `params_id` int(11) NOT NULL,
  `label` double,
  PRIMARY KEY (`id`),
  KEY `learning_concept_25110688` (`question_id`),
  KEY `learning_concept_403d8ff3` (`type_id`),
  KEY `learning_concept_45bd63ef` (`params_id`),
  CONSTRAINT `params_id_refs_id_71e9445f4ea724a8` FOREIGN KEY (`params_id`) REFERENCES `learning_params` (`id`),
  CONSTRAINT `question_id_refs_id_93dd819681f5d6a` FOREIGN KEY (`question_id`) REFERENCES `learning_questions` (`id`),
  CONSTRAINT `type_id_refs_id_79be5b42010a9228` FOREIGN KEY (`type_id`) REFERENCES `learning_type` (`id`)
) ENGINE=InnoDB AUTO_INCREMENT=1161 DEFAULT CHARSET=latin1;
/*!40101 SET character_set_client = @saved_cs_client */;

--
-- Dumping data for table `learning_concept`
--

LOCK TABLES `learning_concept` WRITE;
/*!40000 ALTER TABLE `learning_concept` DISABLE KEYS */;
INSERT INTO `learning_concept` VALUES (1,1,2,98,NULL),(2,2,2,98,NULL),(3,3,2,98,NULL),(4,4,2,98,NULL),(5,5,2,98,NULL),(6,6,2,98,NULL),(7,7,2,98,NULL),(8,8,2,98,NULL),(9,9,2,98,NULL),(10,10,2,98,NULL),(11,11,2,98,NULL),(12,12,2,98,NULL),(13,13,2,98,NULL),(14,14,2,98,NULL),(15,15,2,98,NULL),(16,16,2,98,NULL),(17,17,2,98,NULL),(18,18,2,98,NULL),(19,19,2,98,NULL),(20,20,2,98,NULL),(21,21,2,98,NULL),(22,22,2,98,NULL),(23,23,2,98,NULL),(24,24,2,98,NULL),(25,25,2,98,NULL),(26,26,2,98,NULL),(27,27,2,98,NULL),(28,28,2,98,NULL),(29,29,2,98,NULL),(30,30,2,98,NULL),(31,31,2,98,NULL),(32,32,2,98,NULL),(33,33,2,98,NULL),(34,34,2,98,NULL),(35,35,2,98,NULL),(36,1,2,82,NULL),(37,2,2,82,NULL),(38,3,2,82,NULL),(39,4,2,82,NULL),(40,5,2,82,NULL),(41,6,2,82,NULL),(42,7,2,82,NULL),(43,8,2,82,NULL),(44,9,2,82,NULL),(45,10,2,82,NULL),(46,11,2,82,NULL),(47,12,2,82,NULL),(48,13,2,82,NULL),(49,14,2,82,NULL),(50,15,2,82,NULL),(51,16,2,82,NULL),(52,17,2,82,NULL),(53,18,2,82,NULL),(54,19,2,82,NULL),(55,20,2,82,NULL),(56,21,2,82,NULL),(57,22,2,82,NULL),(58,23,2,82,NULL),(59,24,2,82,NULL),(60,25,2,82,NULL),(61,26,2,82,NULL),(62,27,2,82,NULL),(63,28,2,82,NULL),(64,29,2,82,NULL),(65,30,2,82,NULL),(66,31,2,82,NULL),(67,32,2,82,NULL),(68,33,2,82,NULL),(69,34,2,82,NULL),(70,35,2,82,NULL),(71,1,2,118,NULL),(72,2,2,118,NULL),(73,3,2,118,NULL),(74,4,2,118,NULL),(75,5,2,118,NULL),(76,6,2,118,NULL),(77,7,2,118,NULL),(78,8,2,118,NULL),(79,9,2,118,NULL),(80,10,2,118,NULL),(81,11,2,118,NULL),(82,12,2,118,NULL),(83,13,2,118,NULL),(84,14,2,118,NULL),(85,15,2,118,NULL),(86,16,2,118,NULL),(87,17,2,118,NULL),(88,18,2,118,NULL),(89,19,2,118,NULL),(90,20,2,118,NULL),(91,21,2,118,NULL),(92,22,2,118,NULL),(93,23,2,118,NULL),(94,24,2,118,NULL),(95,25,2,118,NULL),(96,26,2,118,NULL),(97,27,2,118,NULL),(98,28,2,118,NULL),(99,29,2,118,NULL),(100,30,2,118,NULL),(101,31,2,118,NULL),(102,32,2,118,NULL),(103,33,2,118,NULL),(104,34,2,118,NULL),(105,35,2,118,NULL),(106,1,2,114,NULL),(107,2,2,114,NULL),(108,3,2,114,NULL),(109,4,2,114,NULL),(110,5,2,114,NULL),(111,6,2,114,NULL),(112,7,2,114,NULL),(113,8,2,114,NULL),(114,9,2,114,NULL),(115,10,2,114,NULL),(116,11,2,114,NULL),(117,12,2,114,NULL),(118,13,2,114,NULL),(119,14,2,114,NULL),(120,15,2,114,NULL),(121,16,2,114,NULL),(122,17,2,114,NULL),(123,18,2,114,NULL),(124,19,2,114,NULL),(125,20,2,114,NULL),(126,21,2,114,NULL),(127,22,2,114,NULL),(128,23,2,114,NULL),(129,24,2,114,NULL),(130,25,2,114,NULL),(131,26,2,114,NULL),(132,27,2,114,NULL),(133,28,2,114,NULL),(134,29,2,114,NULL),(135,30,2,114,NULL),(136,31,2,114,NULL),(137,32,2,114,NULL),(138,33,2,114,NULL),(139,34,2,114,NULL),(140,35,2,114,NULL),(141,1,2,88,NULL),(142,2,2,88,NULL),(143,3,2,88,NULL),(144,4,2,88,NULL),(145,5,2,88,NULL),(146,6,2,88,NULL),(147,7,2,88,NULL),(148,8,2,88,NULL),(149,9,2,88,NULL),(150,10,2,88,NULL),(151,11,2,88,NULL),(152,12,2,88,NULL),(153,13,2,88,NULL),(154,14,2,88,NULL),(155,15,2,88,NULL),(156,16,2,88,NULL),(157,17,2,88,NULL),(158,18,2,88,NULL),(159,19,2,88,NULL),(160,20,2,88,NULL),(161,21,2,88,NULL),(162,22,2,88,NULL),(163,23,2,88,NULL),(164,24,2,88,NULL),(165,25,2,88,NULL),(166,26,2,88,NULL),(167,27,2,88,NULL),(168,28,2,88,NULL),(169,29,2,88,NULL),(170,30,2,88,NULL),(171,31,2,88,NULL),(172,32,2,88,NULL),(173,33,2,88,NULL),(174,34,2,88,NULL),(175,35,2,88,NULL),(176,1,2,79,NULL),(177,2,2,79,NULL),(178,3,2,79,NULL),(179,4,2,79,NULL),(180,5,2,79,NULL),(181,6,2,79,NULL),(182,7,2,79,NULL),(183,8,2,79,NULL),(184,9,2,79,NULL),(185,10,2,79,NULL),(186,11,2,79,NULL),(187,12,2,79,NULL),(188,13,2,79,NULL),(189,14,2,79,NULL),(190,15,2,79,NULL),(191,16,2,79,NULL),(192,17,2,79,NULL),(193,18,2,79,NULL),(194,19,2,79,NULL),(195,20,2,79,NULL),(196,21,2,79,NULL),(197,22,2,79,NULL),(198,23,2,79,NULL),(199,24,2,79,NULL),(200,25,2,79,NULL),(201,26,2,79,NULL),(202,27,2,79,NULL),(203,28,2,79,NULL),(204,29,2,79,NULL),(205,30,2,79,NULL),(206,31,2,79,NULL),(207,32,2,79,NULL),(208,33,2,79,NULL),(209,34,2,79,NULL),(210,35,2,79,NULL),(211,1,2,58,NULL),(212,2,2,58,NULL),(213,3,2,58,NULL),(214,4,2,58,NULL),(215,5,2,58,NULL),(216,6,2,58,NULL),(217,7,2,58,NULL),(218,8,2,58,NULL),(219,9,2,58,NULL),(220,10,2,58,NULL),(221,11,2,58,NULL),(222,12,2,58,NULL),(223,13,2,58,NULL),(224,14,2,58,NULL),(225,15,2,58,NULL),(226,16,2,58,NULL),(227,17,2,58,NULL),(228,18,2,58,NULL),(229,19,2,58,NULL),(230,20,2,58,NULL),(231,21,2,58,NULL),(232,22,2,58,NULL),(233,23,2,58,NULL),(234,24,2,58,NULL),(235,25,2,58,NULL),(236,26,2,58,NULL),(237,27,2,58,NULL),(238,28,2,58,NULL),(239,29,2,58,NULL),(240,30,2,58,NULL),(241,31,2,58,NULL),(242,32,2,58,NULL),(243,33,2,58,NULL),(244,34,2,58,NULL),(245,35,2,58,NULL),(246,36,1,76,0.5),(247,37,1,76,0.5),(248,38,1,76,0.5),(249,39,1,76,0.5),(250,40,1,76,0.5),(251,41,1,76,0.5),(252,42,1,76,0.5),(253,43,1,76,0.5),(254,44,1,76,0.5),(255,45,1,76,0.5),(256,46,1,76,0.5),(257,47,1,76,0.5),(258,48,1,76,0.5),(259,49,1,76,0.5),(260,50,1,76,0.5),(261,51,1,76,0.5),(262,52,1,76,0.5),(263,53,1,76,0.5),(264,54,1,76,0.5),(265,55,1,76,0.5),(266,56,1,76,0.5),(267,57,1,76,0.5),(268,58,1,76,0.5),(269,59,1,76,0.5),(270,60,1,76,0.5),(271,36,1,57,0.5),(272,37,1,57,0.5),(273,38,1,57,0.5),(274,39,1,57,0.5),(275,40,1,57,0.5),(276,41,1,57,0.5),(277,42,1,57,0.5),(278,43,1,57,0.5),(279,44,1,57,0.5),(280,45,1,57,0.5),(281,46,1,57,0.5),(282,47,1,57,0.5),(283,48,1,57,0.5),(284,49,1,57,0.5),(285,50,1,57,0.5),(286,51,1,57,0.5),(287,52,1,57,0.5),(288,53,1,57,0.5),(289,54,1,57,0.5),(290,55,1,57,0.5),(291,56,1,57,0.5),(292,57,1,57,0.5),(293,58,1,57,0.5),(294,59,1,57,0.5),(295,60,1,57,0.5),(296,36,1,54,0.5),(297,37,1,54,0.5),(298,38,1,54,0.5),(299,39,1,54,0.5),(300,40,1,54,0.5),(301,41,1,54,0.5),(302,42,1,54,0.5),(303,43,1,54,0.5),(304,44,1,54,0.5),(305,45,1,54,0.5),(306,46,1,54,0.5),(307,47,1,54,0.5),(308,48,1,54,0.5),(309,49,1,54,0.5),(310,50,1,54,0.5),(311,51,1,54,0.5),(312,52,1,54,0.5),(313,53,1,54,0.5),(314,54,1,54,0.5),(315,55,1,54,0.5),(316,56,1,54,0.5),(317,57,1,54,0.5),(318,58,1,54,0.5),(319,59,1,54,0.5),(320,60,1,54,0.575508133759629),(321,36,1,56,0.5),(322,37,1,56,0.5),(323,38,1,56,0.5),(324,39,1,56,0.5),(325,40,1,56,0.5),(326,41,1,56,0.5),(327,42,1,56,0.5),(328,43,1,56,0.5),(329,44,1,56,0.5),(330,45,1,56,0.5),(331,46,1,56,0.5),(332,47,1,56,0.5),(333,48,1,56,0.5),(334,49,1,56,0.5),(335,50,1,56,0.5),(336,51,1,56,0.5),(337,52,1,56,0.5),(338,53,1,56,0.5),(339,54,1,56,0.5),(340,55,1,56,0.5),(341,56,1,56,0.5),(342,57,1,56,0.5),(343,58,1,56,0.5),(344,59,1,56,0.5),(345,60,1,56,0.5),(346,36,1,99,0.5),(347,37,1,99,0.5),(348,38,1,99,0.5),(349,39,1,99,0.5),(350,40,1,99,0.5),(351,41,1,99,0.5),(352,42,1,99,0.5),(353,43,1,99,0.5),(354,44,1,99,0.5),(355,45,1,99,0.5),(356,46,1,99,0.5),(357,47,1,99,0.5),(358,48,1,99,0.5),(359,49,1,99,0.5),(360,50,1,99,0.5),(361,51,1,99,0.5),(362,52,1,99,0.5),(363,53,1,99,0.5),(364,54,1,99,0.5),(365,55,1,99,0.5),(366,56,1,99,0.5),(367,57,1,99,0.5),(368,58,1,99,0.5),(369,59,1,99,0.5),(370,60,1,99,0.5),(371,36,1,75,0.5),(372,37,1,75,0.5),(373,38,1,75,0.5),(374,39,1,75,0.5),(375,40,1,75,0.5),(376,41,1,75,0.5),(377,42,1,75,0.5),(378,43,1,75,0.5),(379,44,1,75,0.5),(380,45,1,75,0.5),(381,46,1,75,0.5),(382,47,1,75,0.5),(383,48,1,75,0.5),(384,49,1,75,0.5),(385,50,1,75,0.5),(386,51,1,75,0.5),(387,52,1,75,0.5),(388,53,1,75,0.5),(389,54,1,75,0.5),(390,55,1,75,0.5),(391,56,1,75,0.5),(392,57,1,75,0.5),(393,58,1,75,0.5),(394,59,1,75,0.5),(395,60,1,75,0.5),(396,36,1,95,0.5),(397,37,1,95,0.5),(398,38,1,95,0.5),(399,39,1,95,0.5),(400,40,1,95,0.5),(401,41,1,95,0.5),(402,42,1,95,0.5),(403,43,1,95,0.5),(404,44,1,95,0.5),(405,45,1,95,0.5),(406,46,1,95,0.5),(407,47,1,95,0.5),(408,48,1,95,0.5),(409,49,1,95,0.5),(410,50,1,95,0.5),(411,51,1,95,0.5),(412,52,1,95,0.5),(413,53,1,95,0.5),(414,54,1,95,0.5),(415,55,1,95,0.5),(416,56,1,95,0.5),(417,57,1,95,0.5),(418,58,1,95,0.5),(419,59,1,95,0.5),(420,60,1,95,0.5),(422,61,6,97,NULL),(424,63,6,97,NULL),(426,64,6,97,NULL),(427,36,6,97,NULL),(428,41,6,97,NULL),(429,46,6,97,NULL),(430,51,6,97,NULL),(431,65,6,97,NULL),(432,66,6,97,NULL),(433,67,6,97,NULL),(434,68,6,97,NULL),(435,69,6,97,NULL),(436,70,6,97,NULL),(437,71,6,97,NULL),(438,72,6,97,NULL),(439,73,6,97,NULL),(440,74,6,97,NULL),(441,75,6,97,NULL),(442,76,6,97,NULL),(443,61,6,72,NULL),(444,63,6,72,NULL),(445,64,6,72,NULL),(446,65,6,72,NULL),(447,66,6,72,NULL),(448,67,6,72,NULL),(449,36,6,72,NULL),(450,68,6,72,NULL),(451,69,6,72,NULL),(452,70,6,72,NULL),(453,41,6,72,NULL),(454,71,6,72,NULL),(455,72,6,72,NULL),(456,73,6,72,NULL),(457,46,6,72,NULL),(458,74,6,72,NULL),(459,75,6,72,NULL),(460,76,6,72,NULL),(461,51,6,72,NULL),(462,78,6,80,NULL),(463,45,6,80,NULL),(464,79,6,80,NULL),(465,50,6,80,NULL),(466,80,6,80,NULL),(467,55,6,80,NULL),(468,81,6,80,NULL),(469,60,6,80,NULL),(470,82,6,80,NULL),(471,83,6,80,NULL),(472,84,6,80,NULL),(473,85,6,80,NULL),(474,86,6,80,NULL),(475,87,6,80,NULL),(476,88,6,80,NULL),(477,89,6,80,NULL),(478,90,6,80,NULL),(479,92,6,112,NULL),(480,93,6,112,NULL),(481,94,6,112,NULL),(482,95,6,112,NULL),(483,96,6,112,NULL),(484,97,6,112,NULL),(485,98,6,112,NULL),(486,99,6,112,NULL),(487,100,6,112,NULL),(488,101,6,112,NULL),(489,102,6,112,NULL),(490,103,6,112,NULL),(491,104,6,112,NULL),(492,105,6,112,NULL),(493,106,6,112,NULL),(494,107,6,112,NULL),(495,92,6,105,NULL),(496,93,6,105,NULL),(497,94,6,105,NULL),(498,95,6,105,NULL),(499,96,6,105,NULL),(500,97,6,105,NULL),(501,98,6,105,NULL),(502,99,6,105,NULL),(503,100,6,105,NULL),(504,101,6,105,NULL),(505,102,6,105,NULL),(506,103,6,105,NULL),(507,104,6,105,NULL),(508,105,6,105,NULL),(509,106,6,105,NULL),(510,107,6,105,NULL),(511,78,6,102,NULL),(512,45,6,102,NULL),(513,79,6,102,NULL),(514,50,6,102,NULL),(515,80,6,102,NULL),(516,55,6,102,NULL),(517,81,6,102,NULL),(518,60,6,102,NULL),(519,82,6,102,NULL),(520,83,6,102,NULL),(521,84,6,102,NULL),(522,85,6,102,NULL),(523,86,6,102,NULL),(524,87,6,102,NULL),(525,88,6,102,NULL),(526,89,6,102,NULL),(527,90,6,102,NULL),(528,91,6,102,NULL),(529,109,6,102,NULL),(530,110,6,102,NULL),(531,111,6,102,NULL),(532,112,6,102,NULL),(533,113,6,102,NULL),(534,114,6,102,NULL),(535,115,6,102,NULL),(536,116,6,102,NULL),(537,117,6,102,NULL),(538,118,6,102,NULL),(539,119,6,102,NULL),(540,120,6,102,NULL),(541,121,6,102,NULL),(542,122,6,102,NULL),(543,123,6,102,NULL),(544,124,6,102,NULL),(545,125,6,102,NULL),(546,126,6,102,NULL),(547,127,6,102,NULL),(548,128,6,102,NULL),(549,129,6,102,NULL),(550,130,6,102,NULL),(551,131,6,102,NULL),(552,132,6,102,NULL),(553,133,6,102,NULL),(554,134,6,102,NULL),(555,135,6,102,NULL),(556,136,6,102,NULL),(557,137,6,102,NULL),(558,138,6,102,NULL),(559,139,6,102,NULL),(560,92,6,102,NULL),(561,140,6,102,NULL),(562,141,6,102,NULL),(563,97,6,102,NULL),(564,142,6,102,NULL),(565,143,6,102,NULL),(566,102,6,102,NULL),(567,144,6,102,NULL),(568,145,6,102,NULL),(569,107,6,102,NULL),(570,146,6,102,NULL),(571,147,6,102,NULL),(572,148,6,102,NULL),(573,149,6,102,NULL),(574,2,6,102,NULL),(575,150,6,102,NULL),(576,151,6,102,NULL),(577,152,6,102,NULL),(578,153,6,102,NULL),(579,154,6,102,NULL),(580,155,6,102,NULL),(581,156,6,102,NULL),(582,157,6,102,NULL),(583,158,6,102,NULL),(584,159,6,102,NULL),(585,160,6,102,NULL),(586,161,6,102,NULL),(587,50,5,68,NULL),(588,53,5,68,NULL),(589,56,5,68,NULL),(590,59,5,68,NULL),(591,163,5,68,NULL),(592,83,5,68,NULL),(593,164,5,68,NULL),(594,165,5,68,NULL),(595,166,5,68,NULL),(596,167,5,68,NULL),(597,89,5,68,NULL),(598,168,5,68,NULL),(599,169,5,68,NULL),(600,170,5,68,NULL),(601,171,5,68,NULL),(602,112,5,68,NULL),(603,172,5,68,NULL),(604,173,5,68,NULL),(605,174,5,68,NULL),(606,175,5,68,NULL),(619,69,5,53,NULL),(620,176,5,53,NULL),(621,78,5,53,NULL),(622,177,5,53,NULL),(623,178,5,53,NULL),(624,75,5,53,NULL),(625,179,5,53,NULL),(626,80,5,53,NULL),(627,180,5,53,NULL),(628,181,5,53,NULL),(629,182,5,53,NULL),(630,183,5,53,NULL),(631,66,5,84,NULL),(632,184,5,84,NULL),(633,185,5,84,NULL),(634,186,5,84,NULL),(635,187,5,84,NULL),(636,69,5,84,NULL),(637,188,5,84,NULL),(638,176,5,84,NULL),(639,176,5,62,NULL),(640,78,5,62,NULL),(641,177,5,62,NULL),(642,178,5,62,NULL),(643,75,5,62,NULL),(644,179,5,62,NULL),(645,80,5,62,NULL),(646,180,5,62,NULL),(647,181,5,62,NULL),(648,182,5,62,NULL),(649,183,5,62,NULL),(650,82,5,62,NULL),(651,56,5,119,NULL),(652,60,5,119,NULL),(653,191,5,119,NULL),(654,164,5,119,NULL),(655,192,5,119,NULL),(656,193,5,119,NULL),(657,89,5,119,NULL),(658,39,5,74,NULL),(659,40,5,74,NULL),(660,41,5,74,NULL),(661,42,5,74,NULL),(662,43,5,74,NULL),(663,44,5,74,NULL),(664,45,5,74,NULL),(665,46,5,74,NULL),(666,47,5,74,NULL),(667,66,5,69,NULL),(668,37,5,69,NULL),(669,176,5,69,NULL),(670,44,5,69,NULL),(671,79,5,69,NULL),(672,51,5,69,NULL),(673,184,5,86,NULL),(674,69,5,86,NULL),(675,78,5,86,NULL),(676,178,5,86,NULL),(677,179,5,86,NULL),(678,180,5,86,NULL),(679,66,5,51,NULL),(680,40,5,51,NULL),(681,178,5,51,NULL),(682,53,5,51,NULL),(683,195,5,51,NULL),(684,196,5,51,NULL),(685,86,5,51,NULL),(686,184,5,104,NULL),(687,42,5,104,NULL),(688,198,5,104,NULL),(689,57,5,104,NULL),(690,190,5,104,NULL),(691,192,5,104,NULL),(692,66,5,115,NULL),(693,188,5,115,NULL),(694,200,5,115,NULL),(695,201,5,115,NULL),(696,81,5,115,NULL),(697,202,5,115,NULL),(698,203,5,115,NULL),(699,204,5,115,NULL),(700,205,5,115,NULL),(701,109,5,115,NULL),(702,184,5,60,NULL),(703,189,5,60,NULL),(704,75,5,60,NULL),(705,207,5,60,NULL),(706,82,5,60,NULL),(707,203,5,60,NULL),(708,208,5,60,NULL),(709,209,5,60,NULL),(710,210,5,60,NULL),(711,41,4,111,NULL),(712,75,4,111,NULL),(713,56,4,111,NULL),(714,202,4,111,NULL),(715,165,4,111,NULL),(716,38,4,117,NULL),(717,177,4,117,NULL),(718,51,4,117,NULL),(719,81,4,117,NULL),(720,191,4,117,NULL),(731,220,4,65,NULL),(732,221,4,65,NULL),(733,222,4,65,NULL),(734,223,4,65,NULL),(735,224,4,65,NULL),(736,225,4,65,NULL),(737,226,4,65,NULL),(738,227,4,65,NULL),(739,228,4,65,NULL),(740,229,4,65,NULL),(741,230,4,65,NULL),(742,69,4,106,NULL),(743,79,4,106,NULL),(744,181,4,106,NULL),(745,213,4,106,NULL),(746,214,4,106,NULL),(747,66,4,87,NULL),(748,232,4,87,NULL),(749,233,4,87,NULL),(750,234,4,87,NULL),(751,235,4,87,NULL),(752,41,4,94,NULL),(753,237,4,94,NULL),(754,238,4,94,NULL),(755,239,4,94,NULL),(756,240,4,94,NULL),(757,66,4,108,NULL),(758,242,4,108,NULL),(759,243,4,108,NULL),(760,244,4,108,NULL),(761,245,4,108,NULL),(762,246,4,108,NULL),(763,248,4,81,NULL),(764,249,4,81,NULL),(765,250,4,81,NULL),(766,251,4,81,NULL),(767,252,4,81,NULL),(768,253,4,81,NULL),(769,36,4,66,NULL),(770,255,4,66,NULL),(771,256,4,66,NULL),(772,257,4,66,NULL),(773,258,4,66,NULL),(774,259,4,66,NULL),(775,261,4,96,NULL),(776,262,4,96,NULL),(777,263,4,96,NULL),(778,264,4,96,NULL),(779,265,4,96,NULL),(780,266,4,96,NULL),(782,261,4,77,NULL),(783,268,4,77,NULL),(784,269,4,77,NULL),(785,270,4,77,NULL),(786,271,4,77,NULL),(787,272,4,77,NULL),(788,273,4,77,NULL),(789,274,4,77,NULL),(790,276,4,110,NULL),(791,277,4,110,NULL),(792,278,4,110,NULL),(793,279,4,110,NULL),(794,280,4,110,NULL),(795,281,4,110,NULL),(796,282,4,110,NULL),(797,283,4,110,NULL),(798,284,4,110,NULL),(799,286,4,109,NULL),(800,287,4,109,NULL),(801,288,4,109,NULL),(802,289,4,109,NULL),(803,290,4,109,NULL),(804,291,4,109,NULL),(805,292,4,109,NULL),(806,293,4,109,NULL),(807,294,4,109,NULL),(808,248,4,73,NULL),(809,296,4,73,NULL),(810,297,4,73,NULL),(811,298,4,73,NULL),(812,299,4,73,NULL),(813,300,4,73,NULL),(814,301,4,73,NULL),(815,56,4,78,NULL),(816,303,4,78,NULL),(817,304,4,78,NULL),(818,305,4,78,NULL),(819,306,4,78,NULL),(820,307,4,78,NULL),(821,308,4,78,NULL),(822,286,4,78,NULL),(823,310,4,78,NULL),(824,311,4,78,NULL),(825,312,4,78,NULL),(826,313,4,78,NULL),(827,314,4,78,NULL),(828,315,4,78,NULL),(829,316,4,78,NULL),(830,317,4,78,NULL),(831,318,4,78,NULL),(832,319,4,78,NULL),(869,261,3,100,NULL),(870,321,3,100,NULL),(871,322,3,100,NULL),(872,323,3,100,NULL),(873,324,3,100,NULL),(874,325,3,100,NULL),(875,326,3,100,NULL),(876,327,3,100,NULL),(877,328,3,100,NULL),(878,329,3,100,NULL),(879,330,3,100,NULL),(880,331,3,100,NULL),(881,66,3,103,NULL),(882,333,3,103,NULL),(883,334,3,103,NULL),(884,335,3,103,NULL),(885,336,3,103,NULL),(886,337,3,103,NULL),(887,248,3,64,NULL),(888,339,3,64,NULL),(889,340,3,64,NULL),(890,341,3,64,NULL),(891,342,3,64,NULL),(892,343,3,64,NULL),(893,220,3,90,NULL),(894,345,3,90,NULL),(895,346,3,90,NULL),(896,347,3,90,NULL),(897,348,3,90,NULL),(898,349,3,90,NULL),(899,350,3,90,NULL),(900,351,3,90,NULL),(901,372,3,90,NULL),(902,354,3,83,NULL),(903,355,3,83,NULL),(904,356,3,83,NULL),(905,357,3,83,NULL),(906,358,3,83,NULL),(907,39,3,55,NULL),(908,360,3,55,NULL),(909,361,3,55,NULL),(910,362,3,55,NULL),(911,363,3,55,NULL),(912,364,3,55,NULL),(919,185,3,107,NULL),(920,366,3,107,NULL),(921,367,3,107,NULL),(922,368,3,107,NULL),(923,369,3,107,NULL),(924,370,3,107,NULL),(925,261,3,101,NULL),(926,372,3,101,NULL),(927,373,3,101,NULL),(928,374,3,101,NULL),(929,375,3,101,NULL),(930,376,3,101,NULL),(931,377,3,101,NULL),(932,248,3,120,NULL),(933,379,3,120,NULL),(934,380,3,120,NULL),(935,381,3,120,NULL),(936,382,3,120,NULL),(937,383,3,120,NULL),(938,384,3,120,NULL),(939,385,3,120,NULL),(940,386,3,120,NULL),(941,387,3,120,NULL),(942,388,3,120,NULL),(943,389,3,120,NULL),(944,390,3,120,NULL),(945,391,3,120,NULL),(946,392,3,120,NULL),(947,393,3,120,NULL),(948,56,3,92,NULL),(949,395,3,92,NULL),(950,396,3,92,NULL),(951,397,3,92,NULL),(952,398,3,92,NULL),(953,399,3,92,NULL),(954,186,3,116,NULL),(955,401,3,116,NULL),(956,402,3,116,NULL),(957,403,3,116,NULL),(958,404,3,116,NULL),(959,405,3,116,NULL),(960,406,3,116,NULL),(961,407,3,116,NULL),(962,408,3,116,NULL),(963,409,3,116,NULL),(964,185,3,70,NULL),(965,411,3,70,NULL),(966,412,3,70,NULL),(967,413,3,70,NULL),(968,414,3,70,NULL),(969,415,3,70,NULL),(970,416,3,70,NULL),(971,417,3,70,NULL),(972,418,3,70,NULL),(973,220,3,93,NULL),(974,420,3,93,NULL),(975,421,3,93,NULL),(976,422,3,93,NULL),(977,423,3,93,NULL),(978,424,3,93,NULL),(979,425,3,93,NULL),(980,426,3,93,NULL),(981,41,3,89,NULL),(982,428,3,89,NULL),(983,429,3,89,NULL),(984,430,3,89,NULL),(985,431,3,89,NULL),(986,432,3,89,NULL),(987,433,3,89,NULL),(988,434,3,89,NULL),(989,435,3,89,NULL),(990,436,3,89,NULL),(991,186,3,85,NULL),(992,438,3,85,NULL),(993,439,3,85,NULL),(994,440,3,85,NULL),(995,441,3,85,NULL),(996,442,3,85,NULL),(997,443,3,85,NULL),(998,444,3,85,NULL),(999,445,3,85,NULL),(1000,446,3,85,NULL),(1001,447,3,85,NULL),(1002,185,3,71,NULL),(1003,449,3,71,NULL),(1004,450,3,71,NULL),(1005,451,3,71,NULL),(1006,452,3,71,NULL),(1007,453,3,71,NULL),(1008,454,3,71,NULL),(1009,455,3,71,NULL),(1010,456,3,71,NULL),(1011,185,3,67,NULL),(1012,449,3,67,NULL),(1013,450,3,67,NULL),(1014,451,3,67,NULL),(1015,452,3,67,NULL),(1016,453,3,67,NULL),(1017,454,3,67,NULL),(1018,455,3,67,NULL),(1019,456,3,67,NULL),(1020,42,3,61,NULL),(1021,458,3,61,NULL),(1022,459,3,61,NULL),(1023,460,3,61,NULL),(1024,461,3,61,NULL),(1025,462,3,61,NULL),(1026,463,3,61,NULL),(1027,464,3,61,NULL),(1028,465,3,61,NULL),(1029,466,3,61,NULL),(1030,467,3,61,NULL),(1033,36,9,59,NULL),(1034,469,9,59,NULL),(1035,176,9,59,NULL),(1036,470,9,59,NULL),(1037,45,9,59,NULL),(1038,74,9,59,NULL),(1039,198,9,59,NULL),(1040,471,9,59,NULL),(1041,54,9,59,NULL),(1042,472,9,59,NULL),(1043,182,9,59,NULL),(1044,473,9,59,NULL),(1045,474,9,59,NULL),(1046,475,9,59,NULL),(1047,84,9,59,NULL),(1048,476,9,59,NULL),(1049,192,9,59,NULL),(1050,477,9,59,NULL),(1051,208,9,59,NULL),(1052,478,9,59,NULL),(1053,286,9,59,NULL),(1054,479,9,59,NULL),(1055,480,9,59,NULL),(1056,481,9,59,NULL),(1057,110,9,59,NULL),(1058,482,9,59,NULL),(1059,483,9,59,NULL),(1060,484,9,59,NULL),(1061,485,9,59,NULL),(1062,486,9,59,NULL),(1063,487,9,59,NULL),(1064,488,9,59,NULL),(1065,489,9,59,NULL),(1066,490,9,59,NULL),(1067,119,9,59,NULL),(1068,491,9,59,NULL),(1069,492,9,59,NULL),(1070,493,9,59,NULL),(1071,36,9,91,NULL),(1072,469,9,91,NULL),(1073,176,9,91,NULL),(1074,470,9,91,NULL),(1075,45,9,91,NULL),(1076,74,9,91,NULL),(1077,198,9,91,NULL),(1078,471,9,91,NULL),(1079,54,9,91,NULL),(1080,472,9,91,NULL),(1081,182,9,91,NULL),(1082,473,9,91,NULL),(1083,474,9,91,NULL),(1084,475,9,91,NULL),(1085,84,9,91,NULL),(1086,476,9,91,NULL),(1087,192,9,91,NULL),(1088,477,9,91,NULL),(1089,208,9,91,NULL),(1090,478,9,91,NULL),(1091,286,9,91,NULL),(1092,479,9,91,NULL),(1093,480,9,91,NULL),(1094,481,9,91,NULL),(1095,110,9,91,NULL),(1096,482,9,91,NULL),(1097,483,9,91,NULL),(1098,484,9,91,NULL),(1099,485,9,91,NULL),(1100,486,9,91,NULL),(1101,487,9,91,NULL),(1102,488,9,91,NULL),(1103,489,9,91,NULL),(1104,490,9,91,NULL),(1105,119,9,91,NULL),(1106,491,9,91,NULL),(1107,492,9,91,NULL),(1108,493,9,91,NULL),(1109,185,8,113,0.5),(1110,188,8,113,0.5),(1111,72,8,113,0.5),(1112,79,8,113,0.5),(1113,201,8,113,0.5),(1115,195,8,113,0.5),(1116,202,8,113,0.5),(1117,84,8,113,0.5),(1118,495,8,113,0.5),(1119,204,8,113,0.5),(1120,199,8,113,0.5),(1121,209,8,113,0.5),(1122,109,8,113,0.5),(1123,496,8,113,0.5),(1124,497,8,113,0.5),(1125,498,8,113,0.5),(1126,487,8,113,0.5),(1127,117,8,113,0.5),(1128,499,8,113,0.5),(1130,501,8,113,0.5),(1131,502,8,113,0.5),(1132,125,8,113,0.5),(1133,39,8,113,0.5),(1135,49,8,113,0.5),(1136,207,8,113,0.5),(1137,474,8,113,0.5),(1139,286,8,113,0.5),(1141,504,8,113,0.5),(1142,500,8,113,0.5),(1143,505,8,113,0.5),(1144,36,10,63,NULL),(1145,69,10,63,NULL),(1146,41,10,63,NULL),(1147,72,10,63,NULL),(1148,46,10,63,NULL),(1149,75,10,63,NULL),(1150,51,10,63,NULL),(1151,506,10,63,NULL),(1152,56,10,63,NULL),(1153,182,10,63,NULL),(1154,507,10,63,NULL),(1155,202,10,63,NULL),(1156,196,10,63,NULL),(1157,508,10,63,NULL),(1158,165,10,63,NULL),(1159,509,10,63,NULL),(1160,193,10,63,NULL);
/*!40000 ALTER TABLE `learning_concept` ENABLE KEYS */;
UNLOCK TABLES;

--
-- Table structure for table `learning_floatmodel`
--

DROP TABLE IF EXISTS `learning_floatmodel`;
/*!40101 SET @saved_cs_client     = @@character_set_client */;
/*!40101 SET character_set_client = utf8 */;
CREATE TABLE `learning_floatmodel` (
  `id` int(11) NOT NULL AUTO_INCREMENT,
  `result` double NOT NULL,
  `answer` double NOT NULL,
  `type_id` int(11) NOT NULL,
  `time` int(11) NOT NULL,
  `user_id` int(11) DEFAULT NULL,
  `usedHint` tinyint(1) NOT NULL,
  `label` double DEFAULT NULL,
  `date` datetime DEFAULT '2015-02-26 23:00:00',
  `concept_id` int(11) NOT NULL,
  PRIMARY KEY (`id`),
  KEY `learning_floatmodel_403d8ff3` (`type_id`),
  KEY `learning_floatmodel_6340c63c` (`user_id`),
  KEY `learning_floatmodel_8a386586` (`concept_id`),
  CONSTRAINT `concept_id_refs_id_54beff2670a2a233` FOREIGN KEY (`concept_id`) REFERENCES `learning_concept` (`id`),
  CONSTRAINT `type_id_refs_id_444862b09187e290` FOREIGN KEY (`type_id`) REFERENCES `learning_type` (`id`),
  CONSTRAINT `user_id_refs_id_630270d3410ecf4b` FOREIGN KEY (`user_id`) REFERENCES `auth_user` (`id`)
) ENGINE=InnoDB AUTO_INCREMENT=332 DEFAULT CHARSET=latin1;
/*!40101 SET character_set_client = @saved_cs_client */;

--
-- Dumping data for table `learning_floatmodel`
--

LOCK TABLES `learning_floatmodel` WRITE;
/*!40000 ALTER TABLE `learning_floatmodel` DISABLE KEYS */;
INSERT INTO `learning_floatmodel` VALUES (1,12.18,10,2,1,NULL,1,0.178981937602627,'2015-02-27 21:17:01',1),(2,13.72,100,2,10,NULL,1,1,'2015-02-27 21:17:45',2),(3,15.3,16,2,4,NULL,1,0.0457516339869281,'2015-02-27 21:17:45',3),(4,16.81,19,2,4,NULL,1,0.130279595478882,'2015-02-27 21:17:45',4),(5,3,3,8,2,NULL,0,0,'2015-02-27 21:49:42',1109),(6,8.43673525607408,12,10,2,NULL,0,0.42235113889114,'2015-02-28 18:03:44',1144),(7,15,14,10,5,NULL,0,0.0666666666666667,'2015-02-28 18:05:50',1145),(8,18.4,15,2,3,NULL,1,0.184782608695652,'2015-02-28 20:49:32',5),(9,19.94,19,2,4,NULL,1,0.0471414242728185,'2015-02-28 20:49:32',6),(10,21.49,19,2,2,NULL,1,0.115867845509539,'2015-02-28 20:49:32',7),(11,23.04,19,2,1,NULL,1,0.175347222222222,'2015-02-28 20:49:32',8),(12,24.58,19,2,1,NULL,1,0.227013832384052,'2015-02-28 20:49:32',9),(13,26.13,19,2,1,NULL,1,0.272866437045541,'2015-02-28 20:49:32',10),(14,27.68,19,2,1,NULL,1,0.313583815028902,'2015-02-28 20:49:32',11),(15,27.68,19,2,1,NULL,1,0.313583815028902,'2015-02-28 20:49:32',11),(16,27.68,19,2,1,NULL,1,0.313583815028902,'2015-02-28 20:49:32',11),(17,27.68,19,2,1,NULL,1,0.313583815028902,'2015-02-28 20:49:32',11),(18,27.68,19,2,1,NULL,1,0.313583815028902,'2015-02-28 20:49:32',11),(19,27.68,19,2,1,NULL,1,0.313583815028902,'2015-02-28 20:49:32',11),(20,29.22,19,2,1,NULL,1,0.349760438056126,'2015-02-28 20:49:32',12),(21,29.22,19,2,1,NULL,1,0.349760438056126,'2015-02-28 20:49:32',12),(22,29.22,19,2,1,NULL,1,0.349760438056126,'2015-02-28 20:49:32',12),(23,30.77,19,2,1,NULL,1,0.382515437114072,'2015-02-28 20:49:32',13),(24,32.32,19,2,1,NULL,1,0.412128712871287,'2015-02-28 20:49:32',14),(25,32.32,19,2,1,NULL,1,0.412128712871287,'2015-02-28 20:49:32',14),(26,33.86,19,2,2,NULL,1,0.438865918487891,'2015-02-28 20:49:32',15),(27,35.41,20,2,3,NULL,1,0.435187800056481,'2015-02-28 20:49:32',16),(28,36.96,20,2,2,NULL,1,0.458874458874459,'2015-02-28 20:49:32',17),(29,38.5,20,2,3,NULL,1,0.480519480519481,'2015-02-28 20:49:32',18),(30,40.05,20,2,1,NULL,1,0.500624219725343,'2015-02-28 20:49:32',19),(31,41.6,40,2,3,NULL,1,0.0384615384615385,'2015-02-28 20:49:32',20),(32,43.14,0,2,4,NULL,1,1,'2015-02-28 20:49:32',21),(33,44.69,0,2,3,NULL,1,1,'2015-02-28 20:49:32',22),(34,46.24,0,2,3,NULL,1,1,'2015-02-28 20:49:32',23),(35,47.78,0,2,2,NULL,1,1,'2015-02-28 20:49:32',24),(36,49.33,0,2,2,NULL,1,1,'2015-02-28 20:49:32',25),(37,50.88,0,2,1,NULL,1,1,'2015-02-28 20:49:32',26),(38,52.42,0,2,2,NULL,1,1,'2015-02-28 20:49:32',27),(39,53.97,53,2,15,NULL,1,0.0179729479340374,'2015-02-28 21:40:24',28),(40,55.51,53,2,4,NULL,1,0.0452170780039632,'2015-02-28 21:40:24',29),(41,57.06,50,2,3,NULL,1,0.12372940764108,'2015-02-28 21:40:24',30),(42,58.61,50,2,2,NULL,1,0.146903258829551,'2015-02-28 21:40:24',31),(43,60.15,50,2,2,NULL,1,0.168744804655029,'2015-02-28 21:40:24',32),(44,61.7,50,2,4,NULL,1,0.189627228525122,'2015-02-28 21:40:24',33),(45,63.25,50,2,4,NULL,1,0.209486166007905,'2015-02-28 21:40:24',34),(46,64.79,50,2,5,NULL,1,0.22827596851366,'2015-02-28 21:40:24',35),(47,45.24,50,2,2,NULL,1,0.105216622458002,'2015-02-28 21:40:24',36),(48,45.24,50,2,2,NULL,1,0.105216622458002,'2015-02-28 21:40:24',36),(49,50.97,50,2,2,NULL,1,0.0190308024328036,'2015-02-28 21:40:24',37),(50,50.97,50,2,2,NULL,1,0.0190308024328036,'2015-02-28 21:40:24',37),(51,56.7,50,2,1,NULL,1,0.118165784832452,'2015-02-28 21:40:24',38),(52,62.43,42,2,3,NULL,1,0.32724651609803,'2015-02-28 21:40:24',39),(53,68.16,30,2,3,NULL,1,0.559859154929577,'2015-02-28 21:40:24',40),(54,73.89,0,2,3,NULL,1,1,'2015-02-28 21:40:24',41),(55,79.62,10,2,3,NULL,1,0.874403416227079,'2015-02-28 21:40:24',42),(56,85.35,20,2,4,NULL,1,0.765670767428237,'2015-02-28 21:40:24',43),(57,11.2,8,1,5,NULL,1,0.285714285714286,'2015-02-28 21:40:24',246),(58,13.44,10,1,7,NULL,1,0.255952380952381,'2015-03-01 10:42:39',247),(59,15.67,12,1,4,NULL,1,0.234205488194001,'2015-03-01 10:42:39',248),(60,17.91,18,1,5,NULL,1,0.0050251256281407,'2015-03-01 10:42:39',249),(61,17.91,18,1,5,NULL,1,0.0050251256281407,'2015-03-01 10:42:39',249),(62,20.15,20,1,9,NULL,1,0.00744416873449124,'2015-03-01 10:42:39',250),(63,22.39,21,1,135,NULL,1,0.0620812862885217,'2015-03-01 10:42:39',251),(64,24.63,24,1,5,NULL,1,0.02557856272838,'2015-03-01 10:42:39',252),(65,3.1,2,4,3,NULL,1,0.354838709677419,'2015-03-01 11:10:35',711),(66,5.43,5,4,22,NULL,1,0.0791896869244935,'2015-03-01 11:10:35',712),(67,7.75,8,4,4,NULL,1,0.032258064516129,'2015-03-01 11:10:35',713),(68,10.08,11,4,4,NULL,1,0.0912698412698413,'2015-03-01 11:10:35',714),(69,12.4,14,4,5,NULL,1,0.129032258064516,'2015-03-01 11:10:35',715),(70,90.32,84,4,47,NULL,1,0.0699734278122231,'2015-03-01 11:10:35',716),(71,174.19,134,4,10,NULL,1,0.230725070325507,'2015-03-01 11:10:35',717),(72,258.06,240,4,8,NULL,1,0.0699837247151825,'2015-03-01 11:10:35',718),(73,14.96,12,5,5,NULL,1,0.197860962566845,'2015-03-01 11:10:35',587),(74,17.32,19,5,14,NULL,1,0.0969976905311778,'2015-03-01 11:10:35',588),(75,19.69,65,5,6,NULL,1,1,'2015-03-01 11:10:35',589),(76,22.05,22,5,27,NULL,1,0.00226757369614516,'2015-03-01 11:10:35',590),(77,24.41,24,5,11,NULL,1,0.0167963949201147,'2015-03-01 11:10:35',591),(78,26.77,26,5,5,NULL,1,0.0287635412775495,'2015-03-01 11:10:35',592),(79,29.13,28,5,8,NULL,1,0.0387916237555784,'2015-03-01 11:10:35',593),(80,31.5,32,5,5,NULL,1,0.0158730158730159,'2015-03-01 11:27:31',594),(81,33.86,34,5,4,NULL,1,0.00413467217956292,'2015-03-01 11:27:31',595),(82,36.22,36,5,7,NULL,1,0.00607399226946435,'2015-03-01 11:27:31',596),(83,38.58,38,5,4,NULL,1,0.0150336962156557,'2015-03-01 11:27:31',597),(84,40.94,40,5,5,NULL,1,0.0229604298974108,'2015-03-01 11:27:31',598),(85,40.94,40,5,5,NULL,1,0.0229604298974108,'2015-03-01 11:27:31',598),(86,43.31,42,5,6,NULL,1,0.0302470561071347,'2015-03-01 11:27:31',599),(87,45.67,44,5,4,NULL,1,0.036566673965404,'2015-03-01 11:27:31',600),(88,48.03,48,5,21,NULL,1,0.000624609618988156,'2015-03-01 11:55:39',601),(89,50.39,51,5,4,NULL,1,0.0121055765032744,'2015-03-01 11:57:41',602),(90,52.76,51,5,2,NULL,1,0.0333586050037907,'2015-03-01 11:58:06',603),(91,55.12,53,5,3,NULL,1,0.0384615384615384,'2015-03-01 11:58:35',604),(92,57.48,56,5,5,NULL,1,0.0257480862908837,'2015-03-01 12:04:17',605),(93,59.84,59,5,4,NULL,1,0.0140374331550803,'2015-03-01 12:05:20',606),(94,38.1,42,5,10,NULL,1,0.102362204724409,'2015-03-01 12:05:47',619),(95,48.26,42,5,2,NULL,1,0.129714048901782,'2015-03-01 12:06:53',620),(96,58.42,60,5,6,NULL,1,0.0270455323519342,'2015-03-01 12:06:53',621),(97,68.58,81,5,8,NULL,1,0.181102362204724,'2015-03-01 12:08:34',622),(98,78.74,77,5,16,NULL,1,0.0220980441960883,'2015-03-01 12:08:34',623),(99,88.9,81,5,9,NULL,1,0.0888638920134984,'2015-03-01 12:16:22',624),(100,99.06,100,5,14,NULL,1,0.0094891984655764,'2015-03-01 12:16:22',625),(101,109.22,107,5,8,NULL,1,0.0203259476286394,'2015-03-01 12:16:22',626),(102,119.38,107,5,3,NULL,1,0.103702462724074,'2015-03-01 12:19:25',627),(103,129.54,127,5,9,NULL,1,0.0196078431372548,'2015-03-01 12:19:25',628),(104,139.7,140,5,7,NULL,1,0.00214745884037231,'2015-03-01 12:21:29',629),(105,149.86,151,5,5,NULL,1,0.00760709995996254,'2015-03-01 12:21:54',630),(106,19.69,4,5,49,NULL,1,0.796851193499238,'2015-03-01 12:22:49',631),(107,27.56,21,5,9,NULL,1,0.238026124818578,'2015-03-01 12:22:49',632),(108,35.43,36,5,10,NULL,1,0.0160880609652837,'2015-03-01 12:22:49',633),(109,43.31,44,5,5,NULL,1,0.0159316555068113,'2015-03-01 12:24:31',634),(110,51.18,52,5,7,NULL,1,0.016021883548261,'2015-03-01 12:25:29',635),(111,26.87,26,1,5,NULL,1,0.0323781168589505,'2015-03-01 16:20:44',253),(112,29.11,28,1,6,NULL,1,0.0381312263826863,'2015-03-01 16:20:44',254),(113,31.35,30,1,6,NULL,1,0.0430622009569378,'2015-03-01 16:20:44',255),(114,33.59,32,1,7,NULL,1,0.0473355165227747,'2015-03-01 16:20:44',256),(115,35.83,34,1,5,NULL,1,0.051074518559866,'2015-03-01 16:20:44',257),(116,38.07,36,1,118,NULL,1,0.0543735224586289,'2015-03-01 16:20:44',258),(117,40.31,123,1,4,NULL,1,1,'2015-03-01 16:20:44',259),(118,42.54,40,1,13,NULL,1,0.0597085096379878,'2015-03-01 16:20:44',260),(119,44.78,42,1,112,NULL,1,0.0620812862885217,'2015-03-01 16:20:44',261),(120,47.02,44,1,3,NULL,1,0.0642279880901745,'2015-03-01 16:20:44',262),(121,49.26,49,1,3,NULL,1,0.00527811611855457,'2015-03-01 16:20:44',263),(122,51.5,52,1,3,NULL,1,0.00970873786407767,'2015-03-01 16:20:44',264),(123,53.74,52,1,5,NULL,1,0.0323781168589505,'2015-03-01 16:20:44',265),(124,55.98,63,1,3,NULL,1,0.12540192926045,'2015-03-01 16:20:44',266),(125,58.22,62,1,4,NULL,1,0.0649261422191687,'2015-03-01 16:20:44',267),(126,60.46,60,1,3,NULL,1,0.00760833608997686,'2015-03-01 16:20:44',268),(127,62.7,123,1,5,NULL,1,0.961722488038277,'2015-03-01 16:20:44',269),(128,62.7,123,1,5,NULL,1,0.961722488038277,'2015-03-01 16:20:44',269),(129,62.7,123,1,5,NULL,1,0.961722488038277,'2015-03-01 16:20:44',269),(130,62.7,123,1,5,NULL,1,0.961722488038277,'2015-03-01 16:20:44',269),(131,62.7,123,1,5,NULL,1,0.961722488038277,'2015-03-01 16:20:44',269),(132,62.7,123,1,5,NULL,1,0.961722488038277,'2015-03-01 16:20:44',269),(133,62.7,123,1,5,NULL,1,0.961722488038277,'2015-03-01 16:20:44',269),(134,64.94,123,1,2,NULL,1,0.894056051740068,'2015-03-01 16:20:44',270),(135,41.48,123,1,2,NULL,1,1,'2015-03-01 16:20:44',271),(136,41.48,123,1,2,NULL,1,1,'2015-03-01 16:20:44',271),(137,49.78,48,1,17,NULL,1,0.0357573322619526,'2015-03-01 16:20:44',272),(138,58.08,56,1,15,NULL,1,0.0358126721763085,'2015-03-01 16:20:44',273),(139,66.37,60,1,7,NULL,1,0.0959770980864849,'2015-03-01 16:20:44',274),(140,74.67,70,1,17,NULL,1,0.0625418508102317,'2015-03-01 16:20:44',275),(141,-5.00000022222218,4.99999977777782,6,26,NULL,1,1,'2015-03-01 18:25:37',422),(142,-2.50000022222218,-2.22222244444441,6,70,NULL,1,0.111111101234568,'2015-03-01 18:27:25',424),(143,0.000001,718.333333111111,6,22,NULL,1,1,'2015-03-01 18:27:25',426),(144,59.06,123,5,4,NULL,1,1,'2015-03-01 18:27:25',636),(145,66.93,123,5,3,NULL,1,0.837740923352756,'2015-03-01 18:27:25',637),(146,74.8,123,5,3,NULL,1,0.644385026737968,'2015-03-01 18:27:25',638),(147,74.8,123,5,3,NULL,1,0.644385026737968,'2015-03-01 18:27:25',638),(148,4.83,12,5,6,NULL,1,1,'2015-03-01 18:27:25',639),(149,5.84,12,5,3,NULL,1,1,'2015-03-01 18:27:25',640),(150,6.86,123,5,55,NULL,1,1,'2015-03-01 18:27:25',641),(151,7.87,1325,5,5,NULL,1,1,'2015-03-01 18:27:25',642),(152,8.89,8,5,16,NULL,1,0.100112485939258,'2015-03-01 18:27:25',643),(153,9.91,9,5,13,NULL,1,0.0918264379414733,'2015-03-01 18:27:25',644),(154,9.91,9,5,13,NULL,1,0.0918264379414733,'2015-03-01 18:27:25',644),(155,10.92,20,5,8,NULL,1,0.831501831501832,'2015-03-01 18:27:25',645),(156,10.92,20,5,8,NULL,1,0.831501831501832,'2015-03-01 18:27:25',645),(157,11.94,15,5,5,NULL,1,0.256281407035176,'2015-03-01 18:27:25',646),(158,12.95,15,5,4,NULL,1,0.158301158301158,'2015-03-01 18:27:25',647),(159,12.95,15,5,4,NULL,1,0.158301158301158,'2015-03-01 18:27:25',647),(160,82.97,80,1,10,NULL,1,0.0357960708689888,'2015-03-01 18:27:25',276),(161,91.12,88,1,11,NULL,1,0.0342405618964004,'2015-03-01 18:27:25',277),(162,99.41,90,1,26,NULL,1,0.094658485061865,'2015-03-01 18:27:25',278),(163,99.41,90,1,26,NULL,1,0.094658485061865,'2015-03-01 18:27:25',278),(164,107.69,145,1,5,NULL,1,0.346457424087659,'2015-03-01 18:27:25',279),(165,107.69,145,1,5,NULL,1,0.346457424087659,'2015-03-01 18:27:25',279),(166,115.98,23,1,4,NULL,1,0.801689946542507,'2015-03-01 18:27:25',280),(167,115.98,23,1,4,NULL,1,0.801689946542507,'2015-03-01 18:27:25',280),(168,124.26,60,1,16,NULL,1,0.517141477547079,'2015-03-01 18:27:25',281),(169,132.54,32,1,4,NULL,1,0.758563452542629,'2015-03-01 18:27:25',282),(170,140.83,65,1,4,NULL,1,0.538450614215721,'2015-03-01 18:27:25',283),(171,149.11,59,1,3,NULL,1,0.604318959157669,'2015-03-01 18:27:25',284),(172,157.4,123,1,7,NULL,1,0.218551461245235,'2015-03-01 18:27:25',285),(173,165.68,1325,1,4,NULL,1,1,'2015-03-01 18:27:25',286),(174,173.96,15,1,3,NULL,1,0.913773281214072,'2015-03-01 18:27:25',287),(175,182.25,1235,1,4,NULL,1,1,'2015-03-01 18:27:25',288),(176,190.53,15,1,3,NULL,1,0.921272240592033,'2015-03-01 18:27:25',289),(177,198.82,14,1,4,NULL,1,0.929584548838145,'2015-03-01 18:27:25',290),(178,207.1,1,1,4,NULL,1,0.995171414775471,'2015-03-01 18:27:25',291),(179,207.1,1,1,4,NULL,1,0.995171414775471,'2015-03-01 18:27:25',291),(180,215.38,3,1,6,NULL,1,0.986071130095645,'2015-03-01 18:27:25',292),(181,215.38,3,1,6,NULL,1,0.986071130095645,'2015-03-01 18:27:25',292),(182,223.67,1,1,4,NULL,1,0.995529127732821,'2015-03-01 18:27:25',293),(183,223.67,1,1,4,NULL,1,0.995529127732821,'2015-03-01 18:27:25',293),(184,231.95,2,1,3,NULL,1,0.991377452037077,'2015-03-01 18:27:25',294),(185,231.95,2,1,3,NULL,1,0.991377452037077,'2015-03-01 18:27:25',294),(186,240.24,3,1,2,NULL,1,0.987512487512488,'2015-03-01 18:27:25',295),(187,240.24,3,1,2,NULL,1,0.987512487512488,'2015-03-01 18:27:25',295),(188,3022.49,4,1,3,NULL,1,0.998676587846445,'2015-03-01 18:27:25',296),(189,3022.49,4,1,3,NULL,1,0.998676587846445,'2015-03-01 18:27:25',296),(190,3626.99,5,1,4,NULL,1,0.998621446433544,'2015-03-01 18:27:25',297),(191,4231.48,6,1,3,NULL,1,0.998582056396344,'2015-03-01 18:27:25',298),(192,4231.48,6,1,3,NULL,1,0.998582056396344,'2015-03-01 18:27:25',298),(193,4835.98,7,1,3,NULL,1,0.998552516759788,'2015-03-01 18:27:25',299),(194,4835.98,7,1,3,NULL,1,0.998552516759788,'2015-03-01 18:27:25',299),(195,5440.48,8,1,3,NULL,1,0.998529541511043,'2015-03-01 18:27:25',300),(196,5440.48,8,1,3,NULL,1,0.998529541511043,'2015-03-01 18:27:25',300),(197,6044.98,12,1,154,NULL,1,0.998014881769667,'2015-03-01 18:27:25',301),(198,6044.98,12,1,154,NULL,1,0.998014881769667,'2015-03-01 18:27:25',301),(199,6649.48,1,1,3,NULL,1,0.999849612300511,'2015-03-01 18:27:25',302),(200,6649.48,1,1,3,NULL,1,0.999849612300511,'2015-03-01 18:27:25',302),(201,6649.48,1,1,3,NULL,1,0.999849612300511,'2015-03-01 18:27:25',302),(202,6649.48,1,1,3,NULL,1,0.999849612300511,'2015-03-01 18:27:25',302),(203,6649.48,1,1,3,NULL,1,0.999849612300511,'2015-03-01 18:27:25',302),(204,7253.97,1,1,2,NULL,1,0.999862144453313,'2015-03-01 18:27:25',303),(205,7253.97,1,1,2,NULL,1,0.999862144453313,'2015-03-01 18:27:25',303),(206,7858.47,2,1,2,NULL,1,0.999745497533235,'2015-03-01 18:27:25',304),(207,7858.47,2,1,2,NULL,1,0.999745497533235,'2015-03-01 18:27:25',304),(208,8462.97,3,1,2,NULL,1,0.999645514517953,'2015-03-01 18:27:25',305),(209,8462.97,3,1,2,NULL,1,0.999645514517953,'2015-03-01 18:27:25',305),(210,9067.47,4,1,2,NULL,1,0.999558862615482,'2015-03-01 18:27:25',306),(211,9067.47,4,1,2,NULL,1,0.999558862615482,'2015-03-01 18:27:25',306),(212,9671.96,5,1,2,NULL,1,0.999483041699924,'2015-03-01 18:27:25',307),(213,9671.96,5,1,2,NULL,1,0.999483041699924,'2015-03-01 18:27:25',307),(214,9671.96,5,1,2,NULL,1,0.999483041699924,'2015-03-01 18:27:25',307),(215,10276.46,6,1,2,NULL,1,0.99941614135607,'2015-03-01 18:27:25',308),(216,10276.46,6,1,2,NULL,1,0.99941614135607,'2015-03-01 18:27:25',308),(217,10880.96,7,1,1,NULL,1,0.999356674411081,'2015-03-01 18:27:25',309),(218,10880.96,7,1,1,NULL,1,0.999356674411081,'2015-03-01 18:27:25',309),(219,11485.46,8,1,1,NULL,1,0.999303467166313,'2015-03-01 18:27:25',310),(220,11485.46,8,1,1,NULL,1,0.999303467166313,'2015-03-01 18:27:25',310),(221,12089.96,5,1,269,NULL,1,0.999586433702014,'2015-03-01 18:27:25',311),(222,12089.96,5,1,269,NULL,1,0.999586433702014,'2015-03-01 18:27:25',311),(223,9.99999977777782,-11.1111113333333,6,14,NULL,1,1,'2015-03-01 19:34:06',427),(224,19.9999997777778,-11.1111113333333,6,2,NULL,1,1,'2015-03-01 19:34:06',428),(225,29.9999997777778,-11.1111113333333,6,1,NULL,1,1,'2015-03-01 19:34:06',429),(226,341.93,300,4,10,NULL,1,0.122627438364578,'2015-03-01 19:34:06',719),(227,425.81,380,4,9,NULL,1,0.107583194382471,'2015-03-01 19:34:06',720),(228,27.87,0.12,4,6,NULL,1,0.995694294940797,'2015-03-01 21:15:49',731),(229,39.3,36,4,7,NULL,1,0.0839694656488549,'2015-03-01 21:33:50',732),(230,86.97,55,4,5,NULL,1,0.367598022306542,'2015-03-01 21:33:50',777),(231,46.08,0.1,4,6,NULL,1,0.997829861111111,'2015-03-01 21:33:50',776),(232,0.03,5,4,2,NULL,1,1,'2015-03-01 21:33:50',830),(233,0.35,4,4,2,NULL,1,1,'2015-03-01 21:33:50',787),(234,1584036.73,6,4,2,NULL,1,0.999996212209044,'2015-03-01 21:33:50',812),(235,107.86,7,4,2,NULL,1,0.935101056925644,'2015-03-01 21:33:50',738),(236,168.76,45,4,3,NULL,1,0.733349134866082,'2015-03-01 21:33:50',779),(237,12504.79,32,4,2,NULL,1,0.997440980616228,'2015-03-01 21:33:50',801),(238,5.18,54,4,2,NULL,1,1,'2015-03-01 21:33:50',775),(239,127.87,25,4,2,NULL,1,0.804488934073669,'2015-03-01 21:33:50',778),(240,16733.75,32,4,3,NULL,1,0.998087697019497,'2015-03-01 21:33:50',802),(241,1954146.03,5,4,2,NULL,1,0.999997441337585,'2015-03-01 21:33:50',813),(242,8.33,25,4,2,NULL,1,1,'2015-03-01 21:33:50',756),(243,209.66,65,4,2,NULL,1,0.689974244014118,'2015-03-01 21:33:50',780),(244,130.71,4,4,2,NULL,1,0.969397903756407,'2015-03-01 21:33:50',740),(245,843818.13,575,4,2,NULL,1,0.999318573541434,'2015-03-01 21:33:50',810),(246,0.47,45,4,2,NULL,1,1,'2015-03-01 21:33:50',789),(247,17.27,654,4,2,NULL,1,1,'2015-03-01 21:33:50',771),(248,52.51,25,4,2,NULL,1,0.523900209483908,'2015-03-01 21:33:50',761),(249,4.78,12,4,2,NULL,1,1,'2015-03-01 21:33:50',763),(250,20962.72,54,4,2,NULL,1,0.99742399841242,'2015-03-01 21:33:50',803),(251,96.43,254,4,3,NULL,1,1,'2015-03-01 21:33:50',737),(252,6.01,54,4,2,NULL,1,1,'2015-03-01 21:33:50',798),(253,0.01,21,4,2,NULL,1,1,'2015-03-01 21:33:50',818),(254,29420.65,0.01,4,1,NULL,1,0.999999660102683,'2015-03-01 21:33:50',805),(255,646.05,14,4,2,NULL,1,0.978329850630756,'2015-03-01 21:33:50',750),(256,0.000001,57,4,2,NULL,1,1,'2015-03-01 21:33:50',817),(257,142.14,7,4,2,NULL,1,0.950752778950331,'2015-03-01 21:33:50',741),(258,0.04,21,4,2,NULL,1,1,'2015-03-01 21:33:50',832),(259,5.49,24,4,2,NULL,1,1,'2015-03-01 21:33:50',744),(260,2.52,74,4,2,NULL,1,1,'2015-03-01 21:33:50',791),(261,14.99,132,5,12,NULL,1,1,'2015-03-02 08:47:47',649),(262,10.56,15,4,11,NULL,1,0.420454545454545,'2015-03-02 08:47:47',770),(263,0.000001,13,4,4,NULL,1,1,'2015-03-02 08:47:47',816),(264,64.59,456,4,3,NULL,1,1,'2015-03-02 08:47:47',762),(265,8275.82,12,4,3,NULL,1,0.998549992629129,'2015-03-02 08:47:47',800),(266,83.05,16,4,3,NULL,1,0.807344972907887,'2015-03-02 08:47:47',767),(267,16.26,75,4,3,NULL,1,1,'2015-03-02 08:47:47',758),(268,0.03,132,4,4,NULL,1,1,'2015-03-02 08:47:47',829),(269,4.01,456,4,3,NULL,1,1,'2015-03-02 08:47:47',794),(270,37.37,12,4,3,NULL,1,0.678886807599679,'2015-03-02 08:47:47',774),(271,0.05,12,4,3,NULL,1,1,'2015-03-02 08:47:47',782),(272,119.29,2,4,3,NULL,1,0.983234135300528,'2015-03-02 08:47:47',739),(273,5.09,3,4,3,NULL,1,0.410609037328094,'2015-03-02 08:47:47',754),(274,448.64,12,4,3,NULL,1,0.973252496433666,'2015-03-02 09:06:29',749),(275,448.64,12,4,3,NULL,1,0.973252496433666,'2015-03-02 09:06:29',749),(276,0.17,12,4,3,NULL,1,1,'2015-03-02 09:06:29',784),(277,0.11,145,4,10,NULL,1,1,'2015-03-02 09:12:02',783),(278,4.18,123,4,3,NULL,1,1,'2015-03-02 09:12:02',757),(279,3.48,12,4,3,NULL,1,1,'2015-03-02 09:12:02',753),(280,37878.58,63,4,3,NULL,1,0.998336790872308,'2015-03-02 09:12:02',807),(281,7.43,12,4,4,NULL,1,0.61507402422611,'2015-03-02 09:12:02',745),(282,0.01,32,4,4,NULL,1,1,'2015-03-02 09:12:02',819),(283,63.48,14,4,3,NULL,1,0.779458097038437,'2015-03-02 09:12:02',766),(284,25191.68,145,4,3,NULL,1,0.994244131395762,'2015-03-02 09:12:02',804),(285,9.36,12,4,3,NULL,1,0.282051282051282,'2015-03-02 09:12:02',746),(286,3.86,2,4,3,NULL,1,0.481865284974093,'2015-03-02 09:12:02',769),(287,102.62,12,4,3,NULL,1,0.883063730267004,'2015-03-02 09:12:02',768),(288,2.02,132,4,60,NULL,1,1,'2015-03-02 09:12:02',790),(289,28.34,145,4,3,NULL,1,1,'2015-03-02 09:12:02',759),(290,30.67,145,4,3,NULL,1,1,'2015-03-02 09:12:02',773),(291,53.82,123,4,4,NULL,1,1,'2015-03-02 09:12:02',747),(292,1.61,45,4,2,NULL,1,1,'2015-03-02 09:12:02',742),(293,6.71,145,4,5,NULL,1,1,'2015-03-02 09:12:02',755),(294,3.55,14,4,3,NULL,1,1,'2015-03-02 09:12:02',743),(295,73.58,14,4,5,NULL,1,0.809730905137266,'2015-03-02 09:12:02',735),(296,50.73,14,4,3,NULL,1,0.724029174058742,'2015-03-02 09:12:02',733),(297,103599.52,145,4,3,NULL,1,0.998600379615658,'2015-03-02 09:12:02',808),(298,1213927.43,145,4,4,NULL,1,0.999880552991541,'2015-03-02 09:12:02',811),(299,85.01,14,4,3,NULL,1,0.835313492530291,'2015-03-02 09:12:02',736),(300,5.51,14,4,3,NULL,1,1,'2015-03-02 09:12:02',797),(301,0.41,145,4,3,NULL,1,1,'2015-03-02 09:12:02',788),(302,1.86,1325,4,4,NULL,1,1,'2015-03-02 09:12:02',752),(303,5.01,25,4,3,NULL,1,1,'2015-03-02 09:12:02',796),(304,0.01,15,4,11,NULL,1,1,'2015-03-02 09:12:02',824),(305,0.03,255,4,2,NULL,1,1,'2015-03-02 09:12:02',831),(306,0.01,255,4,3,NULL,1,1,'2015-03-02 09:12:02',825),(307,0.01,25,4,2,NULL,1,1,'2015-03-02 09:12:02',820),(308,43.92,145,4,3,NULL,1,1,'2015-03-02 09:12:02',765),(309,23.97,24,4,4,NULL,1,0.00125156445556951,'2015-03-02 09:12:02',772),(310,0.000001,145,4,3,NULL,1,1,'2015-03-02 09:12:02',822),(311,843.46,145,4,3,NULL,1,0.828089061721955,'2015-03-02 09:12:02',751),(312,36.39,-0.01,1,6,NULL,1,1,'2015-03-02 17:07:00',366),(313,305,85,9,184,NULL,0,0.721311475409836,'2015-03-02 19:21:41',1081),(314,350,350,9,7,NULL,0,0,'2015-03-02 19:21:41',1071),(315,163,160,9,8,NULL,0,0.0184049079754601,'2015-03-02 19:21:41',1067),(316,90.77,132,5,4,NULL,1,0.454224964195219,'2015-03-02 19:21:41',685),(317,154,150,9,12,NULL,0,0.025974025974026,'2015-03-02 19:21:41',1065),(318,341,150,9,8,NULL,0,0.560117302052786,'2015-03-03 08:47:14',1073),(319,30,20,10,9,NULL,0,0.333333333333333,'2015-03-03 08:56:08',1148),(320,75,87,10,12,NULL,0,0.16,'2015-03-03 08:56:08',1157),(321,20,20,10,5,NULL,0,0,'2015-03-03 08:56:08',1146),(322,50,50,10,7,NULL,0,0,'2015-03-03 08:56:08',1152),(323,1526.49,14,1,9,NULL,1,0.99082863300775,'2015-03-03 13:27:14',377),(324,29.99,145,1,4,NULL,1,1,'2015-03-04 09:16:27',330),(325,1371.57,1350,1,24,NULL,1,0.015726503204357,'2015-03-04 09:18:16',416),(326,17732.5,123,1,1,2,1,0.993063583815029,'2015-03-08 11:22:07',320),(327,17732.48,123,1,1,2,1,0.993063575991627,'2015-03-08 11:22:58',320),(328,17732.48,123,1,1,2,1,0.993063575991627,'2015-03-08 11:28:57',320),(329,17732.48,123,1,1,2,1,0.993063575991627,'2015-03-08 11:32:01',320),(330,17732.48,123,1,1,2,1,0.993063575991627,'2015-03-08 11:32:01',320),(331,17732.48,123,1,2,2,1,0.993063575991627,'2015-03-08 11:41:59',320);
/*!40000 ALTER TABLE `learning_floatmodel` ENABLE KEYS */;
UNLOCK TABLES;

--
-- Table structure for table `learning_params`
--

DROP TABLE IF EXISTS `learning_params`;
/*!40101 SET @saved_cs_client     = @@character_set_client */;
/*!40101 SET character_set_client = utf8 */;
CREATE TABLE `learning_params` (
  `id` int(11) NOT NULL AUTO_INCREMENT,
  `type_id` int(11) NOT NULL,
  `p1` varchar(20) NOT NULL,
  `p2` varchar(20) NOT NULL,
  PRIMARY KEY (`id`),
  KEY `learning_params_403d8ff3` (`type_id`),
  CONSTRAINT `type_id_refs_id_2d615ddb5c7613ed` FOREIGN KEY (`type_id`) REFERENCES `learning_type` (`id`)
) ENGINE=InnoDB AUTO_INCREMENT=121 DEFAULT CHARSET=latin1;
/*!40101 SET character_set_client = @saved_cs_client */;

--
-- Dumping data for table `learning_params`
--

LOCK TABLES `learning_params` WRITE;
/*!40000 ALTER TABLE `learning_params` DISABLE KEYS */;
INSERT INTO `learning_params` VALUES (51,5,'m','yard'),(53,5,'inch','cm'),(54,1,'EUR','HUF'),(55,3,'pint','dm**3'),(56,1,'EUR','CHF'),(57,1,'EUR','PLN'),(58,2,'CZK','EUR'),(59,9,'inn','-1'),(60,5,'m','km'),(61,3,'cup','dl'),(62,5,'inch','dm'),(63,10,'50','96'),(64,3,'dm**3','cup'),(65,4,'ft**2','dm**2'),(66,4,'km**2','mile**2'),(67,3,'dl','cup'),(68,5,'cm','inch'),(69,5,'m','ft'),(70,3,'yard**3','m**3'),(71,3,'dl','pint'),(72,6,'degC','kelvin'),(73,4,'mile**2','are'),(74,5,'ft','dm'),(75,1,'EUR','RUB'),(76,1,'EUR','USD'),(77,4,'are','acre'),(78,4,'are','mile**2'),(79,2,'CZK','RUB'),(80,6,'degF','degC'),(81,4,'m**2','yard**2'),(82,2,'CZK','PLN'),(83,3,'dm**3','pint'),(84,5,'dm','inch'),(85,3,'pint','dl'),(86,5,'ft','m'),(87,4,'m**2','ft**2'),(88,2,'CZK','GBP'),(89,3,'tbsp','dl'),(90,3,'dm**3','tbsp'),(91,9,'out','-1'),(92,3,'m**3','ft**3'),(93,3,'dl','tbsp'),(94,4,'ft**2','m**2'),(95,1,'EUR','CZK'),(96,4,'mile**2','km**2'),(97,6,'degC','degF'),(98,2,'CZK','USD'),(99,1,'EUR','GBP'),(100,3,'dm**3','inch**3'),(101,3,'quart','dm**3'),(102,6,'degF','kelvin'),(103,3,'dm**3','quart'),(104,5,'yard','m'),(105,6,'kelvin','degF'),(106,4,'dm**2','ft**2'),(107,3,'cup','dm**3'),(108,4,'yard**2','m**2'),(109,4,'acre','are'),(110,4,'acre','km**2'),(111,4,'cm**2','inch**2'),(112,6,'kelvin','degC'),(113,8,'-1','-1'),(114,2,'CZK','CHF'),(115,5,'km','mile'),(116,3,'m**3','yard**3'),(117,4,'inch**2','cm**2'),(118,2,'CZK','HUF'),(119,5,'dm','ft'),(120,3,'ft**3','m**3');
/*!40000 ALTER TABLE `learning_params` ENABLE KEYS */;
UNLOCK TABLES;

--
-- Table structure for table `learning_questions`
--

DROP TABLE IF EXISTS `learning_questions`;
/*!40101 SET @saved_cs_client     = @@character_set_client */;
/*!40101 SET character_set_client = utf8 */;
CREATE TABLE `learning_questions` (
  `id` int(11) NOT NULL AUTO_INCREMENT,
  `question` double NOT NULL,
  PRIMARY KEY (`id`),
  UNIQUE KEY `question` (`question`)
) ENGINE=InnoDB AUTO_INCREMENT=510 DEFAULT CHARSET=latin1;
/*!40101 SET character_set_client = @saved_cs_client */;

--
-- Dumping data for table `learning_questions`
--

LOCK TABLES `learning_questions` WRITE;
/*!40000 ALTER TABLE `learning_questions` DISABLE KEYS */;
INSERT INTO `learning_questions` VALUES (61,-5),(63,-2.5),(64,0),(261,2),(65,2.5),(220,3),(321,3.26),(345,3.89),(248,4),(221,4.23),(268,4.46),(322,4.52),(346,4.78),(379,4.79),(66,5),(222,5.46),(380,5.58),(347,5.67),(323,5.78),(354,6),(381,6.37),(348,6.56),(223,6.69),(269,6.92),(184,7),(324,7.04),(382,7.16),(349,7.45),(67,7.5),(224,7.92),(383,7.95),(420,8.21),(325,8.3),(350,8.34),(384,8.74),(185,9),(225,9.15),(351,9.23),(270,9.38),(385,9.53),(326,9.56),(36,10),(372,10.12),(386,10.32),(226,10.38),(327,10.82),(186,11),(353,11.01),(387,11.11),(227,11.61),(271,11.84),(388,11.9),(37,12),(328,12.08),(68,12.5),(389,12.69),(228,12.84),(339,12.94),(187,13),(329,13.34),(421,13.42),(390,13.48),(355,13.61),(333,13.72),(38,14),(229,14.07),(391,14.27),(272,14.3),(469,14.5),(449,14.58),(330,14.6),(69,15),(392,15.06),(366,15.21),(230,15.3),(393,15.85),(331,15.86),(39,16),(231,16.53),(394,16.64),(273,16.76),(188,17),(332,17.12),(70,17.5),(262,17.79),(411,17.96),(40,18),(373,18.24),(296,18.29),(422,18.63),(176,19),(438,19.19),(274,19.22),(242,19.45),(41,20),(450,20.16),(249,20.36),(401,20.42),(189,21),(356,21.22),(367,21.42),(275,21.68),(340,21.88),(42,22),(334,22.44),(71,22.5),(78,23),(232,23.34),(470,23.5),(423,23.84),(43,24),(72,25),(451,25.74),(44,26),(374,26.36),(412,26.92),(177,27),(255,27.36),(439,27.38),(73,27.5),(368,27.63),(45,28),(428,28.19),(215,28.34),(360,28.41),(357,28.83),(200,29),(424,29.05),(402,29.84),(46,30),(341,30.82),(178,31),(335,31.16),(452,31.32),(47,32),(74,32.5),(297,32.58),(79,33),(263,33.58),(369,33.84),(243,33.9),(48,34),(458,34.19),(425,34.26),(375,34.48),(75,35),(440,35.57),(413,35.88),(49,36),(429,36.38),(358,36.44),(250,36.72),(453,36.9),(198,37),(237,37.42),(76,37.5),(50,38),(179,39),(403,39.26),(426,39.47),(342,39.76),(336,39.88),(51,40),(370,40.05),(361,40.82),(201,41),(471,41.5),(233,41.68),(52,42),(454,42.48),(77,42.5),(376,42.6),(216,42.68),(80,43),(62,43.5),(441,43.76),(53,44),(359,44.05),(430,44.57),(427,44.68),(256,44.72),(414,44.84),(506,45),(54,46),(371,46.26),(459,46.38),(298,46.87),(180,47),(55,48),(455,48.06),(244,48.35),(337,48.6),(404,48.68),(343,48.7),(207,49),(264,49.37),(56,50),(472,50.5),(377,50.72),(181,51),(442,51.95),(57,52),(431,52.76),(81,53),(251,53.08),(362,53.23),(456,53.64),(415,53.8),(58,54),(238,54.84),(182,55),(59,56),(195,57),(217,57.02),(338,57.32),(344,57.64),(60,58),(405,58.1),(460,58.57),(378,58.84),(183,59),(457,59.22),(473,59.5),(507,60),(234,60.02),(443,60.14),(432,60.95),(299,61.16),(163,62),(257,62.08),(416,62.76),(245,62.8),(82,63),(474,64),(202,65),(265,65.16),(363,65.64),(191,66),(190,67),(406,67.52),(83,68),(444,68.33),(475,68.5),(213,69),(433,69.14),(252,69.44),(196,70),(461,70.76),(218,71.36),(417,71.72),(239,72.26),(84,73),(164,74),(508,75),(300,75.45),(445,76.52),(407,76.94),(203,77),(246,77.25),(434,77.33),(476,77.5),(85,78),(364,78.05),(235,78.36),(212,79),(258,79.44),(165,80),(418,80.68),(266,80.95),(495,81),(192,82),(303,82.14),(462,82.95),(86,83),(446,84.71),(509,85),(435,85.52),(219,85.7),(253,85.8),(166,86),(408,86.36),(477,86.5),(214,87),(87,88),(204,89),(419,89.64),(240,89.68),(301,89.74),(193,90),(365,90.46),(208,91),(247,91.7),(167,92),(447,92.9),(88,93),(436,93.71),(211,95),(463,95.14),(478,95.5),(409,95.78),(197,96),(236,96.7),(267,96.74),(259,96.8),(199,97),(89,98),(286,100),(205,101),(448,101.09),(437,101.9),(254,102.16),(90,103),(168,104),(302,104.03),(479,104.5),(209,105),(410,105.2),(194,106),(241,107.1),(464,107.33),(91,108),(480,109),(169,110),(109,113),(481,113.5),(260,114.16),(304,114.28),(170,116),(110,118),(210,119),(465,119.52),(496,121),(171,122),(482,122.5),(111,123),(206,125),(483,127),(112,128),(395,128.53),(497,129),(484,131.5),(466,131.71),(113,133),(172,134),(485,136),(498,137),(114,138),(173,140),(486,140.5),(115,143),(467,143.9),(504,144),(487,145),(174,146),(305,146.42),(116,148),(488,149.5),(175,152),(117,153),(489,154),(468,156.09),(118,158),(490,158.5),(499,161),(119,163),(491,167.5),(120,168),(500,169),(492,172),(121,173),(493,176.5),(501,177),(122,178),(306,178.56),(494,181),(123,183),(502,185),(310,185.14),(124,188),(125,193),(505,196),(126,198),(503,201),(127,203),(287,204.5),(396,207.06),(128,208),(307,210.7),(129,213),(130,218),(131,223),(132,228),(133,233),(134,238),(308,242.84),(135,243),(136,248),(137,253),(138,258),(139,263),(92,268),(311,270.28),(93,271),(140,273),(94,274),(309,274.98),(95,277),(141,278),(96,280),(97,283),(397,285.59),(98,286),(142,288),(99,289),(100,292),(143,293),(101,295),(102,298),(1,300),(103,301),(144,303),(104,304),(105,307),(145,308),(288,309),(106,310),(107,313),(108,316),(146,318),(147,323),(148,328),(149,333),(2,338),(150,343),(151,348),(152,353),(312,355.42),(153,358),(154,363),(398,364.12),(155,368),(156,373),(3,376),(157,378),(158,383),(159,388),(160,393),(161,398),(162,403),(289,413.5),(4,414),(313,440.56),(399,442.65),(5,452),(6,490),(276,500),(290,518),(400,521.18),(314,525.7),(7,528),(8,566),(9,604),(315,610.84),(291,622.5),(277,623),(10,642),(11,680),(316,695.98),(12,718),(292,727),(278,746),(13,756),(317,781.12),(14,794),(293,831.5),(15,832),(318,866.26),(279,869),(16,870),(17,908),(294,936),(18,946),(319,951.4),(19,984),(280,992),(20,1022),(320,1036.54),(295,1040.5),(21,1060),(22,1098),(281,1115),(23,1136),(24,1174),(25,1212),(282,1238),(26,1250),(27,1288),(28,1326),(283,1361),(29,1364),(30,1402),(31,1440),(32,1478),(284,1484),(33,1516),(34,1554),(35,1592),(285,1607);
/*!40000 ALTER TABLE `learning_questions` ENABLE KEYS */;
UNLOCK TABLES;

--
-- Table structure for table `learning_type`
--

DROP TABLE IF EXISTS `learning_type`;
/*!40101 SET @saved_cs_client     = @@character_set_client */;
/*!40101 SET character_set_client = utf8 */;
CREATE TABLE `learning_type` (
  `id` int(11) NOT NULL AUTO_INCREMENT,
  `type` varchar(8) NOT NULL,
  PRIMARY KEY (`id`),
  UNIQUE KEY `type` (`type`)
) ENGINE=InnoDB AUTO_INCREMENT=11 DEFAULT CHARSET=latin1;
/*!40101 SET character_set_client = @saved_cs_client */;

--
-- Dumping data for table `learning_type`
--

LOCK TABLES `learning_type` WRITE;
/*!40000 ALTER TABLE `learning_type` DISABLE KEYS */;
INSERT INTO `learning_type` VALUES (9,'angle'),(2,'c'),(1,'e'),(7,'equa'),(5,'len'),(8,'sqrt'),(4,'surf'),(6,'temp'),(3,'vol'),(10,'water');
/*!40000 ALTER TABLE `learning_type` ENABLE KEYS */;
UNLOCK TABLES;

--
-- Table structure for table `learning_userskill`
--

DROP TABLE IF EXISTS `learning_userskill`;
/*!40101 SET @saved_cs_client     = @@character_set_client */;
/*!40101 SET character_set_client = utf8 */;
CREATE TABLE `learning_userskill` (
  `id` int(11) NOT NULL AUTO_INCREMENT,
  `user_id` int(11) NOT NULL,
  `skill` double NOT NULL,
  `concept_id` int(11) NOT NULL,
  `number` int(11) NOT NULL,
  `date` datetime,
  PRIMARY KEY (`id`),
  KEY `learning_userskill_6340c63c` (`user_id`),
  KEY `learning_userskill_8a386586` (`concept_id`),
  CONSTRAINT `concept_id_refs_id_29dadd40f906e7ce` FOREIGN KEY (`concept_id`) REFERENCES `learning_params` (`id`),
  CONSTRAINT `user_id_refs_id_36ffc26e7528aad` FOREIGN KEY (`user_id`) REFERENCES `auth_user` (`id`)
) ENGINE=InnoDB AUTO_INCREMENT=9 DEFAULT CHARSET=latin1;
/*!40101 SET character_set_client = @saved_cs_client */;

--
-- Dumping data for table `learning_userskill`
--

LOCK TABLES `learning_userskill` WRITE;
/*!40000 ALTER TABLE `learning_userskill` DISABLE KEYS */;
INSERT INTO `learning_userskill` VALUES (1,2,0.113262200639444,54,1,'2015-03-08 11:41:59'),(2,2,0,56,0,'2015-03-07 17:41:15'),(3,2,0,57,0,'2015-03-07 17:41:15'),(4,2,0,75,0,'2015-03-07 17:41:15'),(5,2,0,76,0,'2015-03-07 17:41:15'),(6,2,0,95,0,'2015-03-07 17:41:15'),(7,2,0,99,0,'2015-03-07 17:41:15'),(8,2,0,113,0,'2015-03-08 09:54:50');
/*!40000 ALTER TABLE `learning_userskill` ENABLE KEYS */;
UNLOCK TABLES;

--
-- Table structure for table `south_migrationhistory`
--

DROP TABLE IF EXISTS `south_migrationhistory`;
/*!40101 SET @saved_cs_client     = @@character_set_client */;
/*!40101 SET character_set_client = utf8 */;
CREATE TABLE `south_migrationhistory` (
  `id` int(11) NOT NULL AUTO_INCREMENT,
  `app_name` varchar(255) NOT NULL,
  `migration` varchar(255) NOT NULL,
  `applied` datetime NOT NULL,
  PRIMARY KEY (`id`)
) ENGINE=InnoDB AUTO_INCREMENT=15 DEFAULT CHARSET=latin1;
/*!40101 SET character_set_client = @saved_cs_client */;

--
-- Dumping data for table `south_migrationhistory`
--

LOCK TABLES `south_migrationhistory` WRITE;
/*!40000 ALTER TABLE `south_migrationhistory` DISABLE KEYS */;
INSERT INTO `south_migrationhistory` VALUES (1,'learning','0001_initial','2015-02-27 15:41:50'),(4,'learning','0003_auto__add_field_concept_params','2015-03-07 15:29:23'),(5,'learning','0004_auto__add_field_params_type','2015-03-07 15:30:15'),(6,'learning','0005_auto__add_field_params_p1','2015-03-07 15:30:58'),(7,'learning','0006_auto__add_field_params_p2','2015-03-07 15:31:17'),(8,'learning','0007_auto__del_field_params_param','2015-03-07 15:49:53'),(9,'learning','0008_auto__del_field_concept_param1','2015-03-07 15:51:00'),(10,'learning','0009_auto__del_field_concept_param2','2015-03-07 15:51:38'),(11,'learning','0010_auto__del_field_userskill_type__add_field_userskill_concept','2015-03-07 15:58:25'),(12,'learning','0011_auto__chg_field_userskill_concept','2015-03-07 15:59:33'),(13,'learning','0012_auto__add_field_concept_label','2015-03-07 16:22:30'),(14,'learning','0013_auto__add_field_userskill_number__add_field_userskill_date','2015-03-07 16:59:11');
/*!40000 ALTER TABLE `south_migrationhistory` ENABLE KEYS */;
UNLOCK TABLES;
/*!40103 SET TIME_ZONE=@OLD_TIME_ZONE */;

/*!40101 SET SQL_MODE=@OLD_SQL_MODE */;
/*!40014 SET FOREIGN_KEY_CHECKS=@OLD_FOREIGN_KEY_CHECKS */;
/*!40014 SET UNIQUE_CHECKS=@OLD_UNIQUE_CHECKS */;
/*!40101 SET CHARACTER_SET_CLIENT=@OLD_CHARACTER_SET_CLIENT */;
/*!40101 SET CHARACTER_SET_RESULTS=@OLD_CHARACTER_SET_RESULTS */;
/*!40101 SET COLLATION_CONNECTION=@OLD_COLLATION_CONNECTION */;
/*!40111 SET SQL_NOTES=@OLD_SQL_NOTES */;

-- Dump completed on 2015-03-09 13:34:56
