-- MySQL dump 10.13  Distrib 5.5.41, for debian-linux-gnu (x86_64)
--
-- Host: localhost    Database: estimation_db
-- ------------------------------------------------------
-- Server version	5.5.41-0ubuntu0.14.04.1

/*!40101 SET @OLD_CHARACTER_SET_CLIENT=@@CHARACTER_SET_CLIENT */;
/*!40101 SET @OLD_CHARACTER_SET_RESULTS=@@CHARACTER_SET_RESULTS */;
/*!40101 SET @OLD_COLLATION_CONNECTION=@@COLLATION_CONNECTION */;
/*!40101 SET NAMES utf8 */;
/*!40103 SET @OLD_TIME_ZONE=@@TIME_ZONE */;
/*!40103 SET TIME_ZONE='+00:00' */;
/*!40014 SET @OLD_UNIQUE_CHECKS=@@UNIQUE_CHECKS, UNIQUE_CHECKS=0 */;
/*!40014 SET @OLD_FOREIGN_KEY_CHECKS=@@FOREIGN_KEY_CHECKS, FOREIGN_KEY_CHECKS=0 */;
/*!40101 SET @OLD_SQL_MODE=@@SQL_MODE, SQL_MODE='NO_AUTO_VALUE_ON_ZERO' */;
/*!40111 SET @OLD_SQL_NOTES=@@SQL_NOTES, SQL_NOTES=0 */;

--
-- Table structure for table `auth_group`
--

DROP TABLE IF EXISTS `auth_group`;
/*!40101 SET @saved_cs_client     = @@character_set_client */;
/*!40101 SET character_set_client = utf8 */;
CREATE TABLE `auth_group` (
  `id` int(11) NOT NULL AUTO_INCREMENT,
  `name` varchar(80) NOT NULL,
  PRIMARY KEY (`id`),
  UNIQUE KEY `name` (`name`)
) ENGINE=InnoDB DEFAULT CHARSET=latin1;
/*!40101 SET character_set_client = @saved_cs_client */;

--
-- Dumping data for table `auth_group`
--

LOCK TABLES `auth_group` WRITE;
/*!40000 ALTER TABLE `auth_group` DISABLE KEYS */;
/*!40000 ALTER TABLE `auth_group` ENABLE KEYS */;
UNLOCK TABLES;

--
-- Table structure for table `auth_group_permissions`
--

DROP TABLE IF EXISTS `auth_group_permissions`;
/*!40101 SET @saved_cs_client     = @@character_set_client */;
/*!40101 SET character_set_client = utf8 */;
CREATE TABLE `auth_group_permissions` (
  `id` int(11) NOT NULL AUTO_INCREMENT,
  `group_id` int(11) NOT NULL,
  `permission_id` int(11) NOT NULL,
  PRIMARY KEY (`id`),
  UNIQUE KEY `group_id` (`group_id`,`permission_id`),
  KEY `auth_group_permissions_5f412f9a` (`group_id`),
  KEY `auth_group_permissions_83d7f98b` (`permission_id`),
  CONSTRAINT `group_id_refs_id_f4b32aac` FOREIGN KEY (`group_id`) REFERENCES `auth_group` (`id`),
  CONSTRAINT `permission_id_refs_id_6ba0f519` FOREIGN KEY (`permission_id`) REFERENCES `auth_permission` (`id`)
) ENGINE=InnoDB DEFAULT CHARSET=latin1;
/*!40101 SET character_set_client = @saved_cs_client */;

--
-- Dumping data for table `auth_group_permissions`
--

LOCK TABLES `auth_group_permissions` WRITE;
/*!40000 ALTER TABLE `auth_group_permissions` DISABLE KEYS */;
/*!40000 ALTER TABLE `auth_group_permissions` ENABLE KEYS */;
UNLOCK TABLES;

--
-- Table structure for table `auth_permission`
--

DROP TABLE IF EXISTS `auth_permission`;
/*!40101 SET @saved_cs_client     = @@character_set_client */;
/*!40101 SET character_set_client = utf8 */;
CREATE TABLE `auth_permission` (
  `id` int(11) NOT NULL AUTO_INCREMENT,
  `name` varchar(50) NOT NULL,
  `content_type_id` int(11) NOT NULL,
  `codename` varchar(100) NOT NULL,
  PRIMARY KEY (`id`),
  UNIQUE KEY `content_type_id` (`content_type_id`,`codename`),
  KEY `auth_permission_37ef4eb4` (`content_type_id`),
  CONSTRAINT `content_type_id_refs_id_d043b34a` FOREIGN KEY (`content_type_id`) REFERENCES `django_content_type` (`id`)
) ENGINE=InnoDB AUTO_INCREMENT=40 DEFAULT CHARSET=latin1;
/*!40101 SET character_set_client = @saved_cs_client */;

--
-- Dumping data for table `auth_permission`
--

LOCK TABLES `auth_permission` WRITE;
/*!40000 ALTER TABLE `auth_permission` DISABLE KEYS */;
INSERT INTO `auth_permission` VALUES (1,'Can add migration history',1,'add_migrationhistory'),(2,'Can change migration history',1,'change_migrationhistory'),(3,'Can delete migration history',1,'delete_migrationhistory'),(4,'Can add log entry',2,'add_logentry'),(5,'Can change log entry',2,'change_logentry'),(6,'Can delete log entry',2,'delete_logentry'),(7,'Can add permission',3,'add_permission'),(8,'Can change permission',3,'change_permission'),(9,'Can delete permission',3,'delete_permission'),(10,'Can add group',4,'add_group'),(11,'Can change group',4,'change_group'),(12,'Can delete group',4,'delete_group'),(13,'Can add user',5,'add_user'),(14,'Can change user',5,'change_user'),(15,'Can delete user',5,'delete_user'),(16,'Can add content type',6,'add_contenttype'),(17,'Can change content type',6,'change_contenttype'),(18,'Can delete content type',6,'delete_contenttype'),(19,'Can add session',7,'add_session'),(20,'Can change session',7,'change_session'),(21,'Can delete session',7,'delete_session'),(22,'Can add float model',8,'add_floatmodel'),(23,'Can change float model',8,'change_floatmodel'),(24,'Can delete float model',8,'delete_floatmodel'),(25,'Can add concept',9,'add_concept'),(26,'Can change concept',9,'change_concept'),(27,'Can delete concept',9,'delete_concept'),(28,'Can add params',10,'add_params'),(29,'Can change params',10,'change_params'),(30,'Can delete params',10,'delete_params'),(31,'Can add questions',11,'add_questions'),(32,'Can change questions',11,'change_questions'),(33,'Can delete questions',11,'delete_questions'),(34,'Can add type',12,'add_type'),(35,'Can change type',12,'change_type'),(36,'Can delete type',12,'delete_type'),(37,'Can add user skill',13,'add_userskill'),(38,'Can change user skill',13,'change_userskill'),(39,'Can delete user skill',13,'delete_userskill');
/*!40000 ALTER TABLE `auth_permission` ENABLE KEYS */;
UNLOCK TABLES;

--
-- Table structure for table `auth_user`
--

DROP TABLE IF EXISTS `auth_user`;
/*!40101 SET @saved_cs_client     = @@character_set_client */;
/*!40101 SET character_set_client = utf8 */;
CREATE TABLE `auth_user` (
  `id` int(11) NOT NULL AUTO_INCREMENT,
  `password` varchar(128) NOT NULL,
  `last_login` datetime NOT NULL,
  `is_superuser` tinyint(1) NOT NULL,
  `username` varchar(30) NOT NULL,
  `first_name` varchar(30) NOT NULL,
  `last_name` varchar(30) NOT NULL,
  `email` varchar(75) NOT NULL,
  `is_staff` tinyint(1) NOT NULL,
  `is_active` tinyint(1) NOT NULL,
  `date_joined` datetime NOT NULL,
  PRIMARY KEY (`id`),
  UNIQUE KEY `username` (`username`)
) ENGINE=InnoDB AUTO_INCREMENT=2 DEFAULT CHARSET=latin1;
/*!40101 SET character_set_client = @saved_cs_client */;

--
-- Dumping data for table `auth_user`
--

LOCK TABLES `auth_user` WRITE;
/*!40000 ALTER TABLE `auth_user` DISABLE KEYS */;
INSERT INTO `auth_user` VALUES (1,'pbkdf2_sha256$12000$doFwarO6PiBs$PsDq1mjUaFQcn6yckm12YD1Ic8KP0Spy6lC3e1hAodY=','2015-02-27 15:41:04',1,'admin','','','stone99@azet.sk',1,1,'2015-02-27 15:41:04');
/*!40000 ALTER TABLE `auth_user` ENABLE KEYS */;
UNLOCK TABLES;

--
-- Table structure for table `auth_user_groups`
--

DROP TABLE IF EXISTS `auth_user_groups`;
/*!40101 SET @saved_cs_client     = @@character_set_client */;
/*!40101 SET character_set_client = utf8 */;
CREATE TABLE `auth_user_groups` (
  `id` int(11) NOT NULL AUTO_INCREMENT,
  `user_id` int(11) NOT NULL,
  `group_id` int(11) NOT NULL,
  PRIMARY KEY (`id`),
  UNIQUE KEY `user_id` (`user_id`,`group_id`),
  KEY `auth_user_groups_6340c63c` (`user_id`),
  KEY `auth_user_groups_5f412f9a` (`group_id`),
  CONSTRAINT `group_id_refs_id_274b862c` FOREIGN KEY (`group_id`) REFERENCES `auth_group` (`id`),
  CONSTRAINT `user_id_refs_id_40c41112` FOREIGN KEY (`user_id`) REFERENCES `auth_user` (`id`)
) ENGINE=InnoDB DEFAULT CHARSET=latin1;
/*!40101 SET character_set_client = @saved_cs_client */;

--
-- Dumping data for table `auth_user_groups`
--

LOCK TABLES `auth_user_groups` WRITE;
/*!40000 ALTER TABLE `auth_user_groups` DISABLE KEYS */;
/*!40000 ALTER TABLE `auth_user_groups` ENABLE KEYS */;
UNLOCK TABLES;

--
-- Table structure for table `auth_user_user_permissions`
--

DROP TABLE IF EXISTS `auth_user_user_permissions`;
/*!40101 SET @saved_cs_client     = @@character_set_client */;
/*!40101 SET character_set_client = utf8 */;
CREATE TABLE `auth_user_user_permissions` (
  `id` int(11) NOT NULL AUTO_INCREMENT,
  `user_id` int(11) NOT NULL,
  `permission_id` int(11) NOT NULL,
  PRIMARY KEY (`id`),
  UNIQUE KEY `user_id` (`user_id`,`permission_id`),
  KEY `auth_user_user_permissions_6340c63c` (`user_id`),
  KEY `auth_user_user_permissions_83d7f98b` (`permission_id`),
  CONSTRAINT `permission_id_refs_id_35d9ac25` FOREIGN KEY (`permission_id`) REFERENCES `auth_permission` (`id`),
  CONSTRAINT `user_id_refs_id_4dc23c39` FOREIGN KEY (`user_id`) REFERENCES `auth_user` (`id`)
) ENGINE=InnoDB DEFAULT CHARSET=latin1;
/*!40101 SET character_set_client = @saved_cs_client */;

--
-- Dumping data for table `auth_user_user_permissions`
--

LOCK TABLES `auth_user_user_permissions` WRITE;
/*!40000 ALTER TABLE `auth_user_user_permissions` DISABLE KEYS */;
/*!40000 ALTER TABLE `auth_user_user_permissions` ENABLE KEYS */;
UNLOCK TABLES;

--
-- Table structure for table `django_admin_log`
--

DROP TABLE IF EXISTS `django_admin_log`;
/*!40101 SET @saved_cs_client     = @@character_set_client */;
/*!40101 SET character_set_client = utf8 */;
CREATE TABLE `django_admin_log` (
  `id` int(11) NOT NULL AUTO_INCREMENT,
  `action_time` datetime NOT NULL,
  `user_id` int(11) NOT NULL,
  `content_type_id` int(11) DEFAULT NULL,
  `object_id` longtext,
  `object_repr` varchar(200) NOT NULL,
  `action_flag` smallint(5) unsigned NOT NULL,
  `change_message` longtext NOT NULL,
  PRIMARY KEY (`id`),
  KEY `django_admin_log_6340c63c` (`user_id`),
  KEY `django_admin_log_37ef4eb4` (`content_type_id`),
  CONSTRAINT `content_type_id_refs_id_93d2d1f8` FOREIGN KEY (`content_type_id`) REFERENCES `django_content_type` (`id`),
  CONSTRAINT `user_id_refs_id_c0d12874` FOREIGN KEY (`user_id`) REFERENCES `auth_user` (`id`)
) ENGINE=InnoDB DEFAULT CHARSET=latin1;
/*!40101 SET character_set_client = @saved_cs_client */;

--
-- Dumping data for table `django_admin_log`
--

LOCK TABLES `django_admin_log` WRITE;
/*!40000 ALTER TABLE `django_admin_log` DISABLE KEYS */;
/*!40000 ALTER TABLE `django_admin_log` ENABLE KEYS */;
UNLOCK TABLES;

--
-- Table structure for table `django_content_type`
--

DROP TABLE IF EXISTS `django_content_type`;
/*!40101 SET @saved_cs_client     = @@character_set_client */;
/*!40101 SET character_set_client = utf8 */;
CREATE TABLE `django_content_type` (
  `id` int(11) NOT NULL AUTO_INCREMENT,
  `name` varchar(100) NOT NULL,
  `app_label` varchar(100) NOT NULL,
  `model` varchar(100) NOT NULL,
  PRIMARY KEY (`id`),
  UNIQUE KEY `app_label` (`app_label`,`model`)
) ENGINE=InnoDB AUTO_INCREMENT=14 DEFAULT CHARSET=latin1;
/*!40101 SET character_set_client = @saved_cs_client */;

--
-- Dumping data for table `django_content_type`
--

LOCK TABLES `django_content_type` WRITE;
/*!40000 ALTER TABLE `django_content_type` DISABLE KEYS */;
INSERT INTO `django_content_type` VALUES (1,'migration history','south','migrationhistory'),(2,'log entry','admin','logentry'),(3,'permission','auth','permission'),(4,'group','auth','group'),(5,'user','auth','user'),(6,'content type','contenttypes','contenttype'),(7,'session','sessions','session'),(8,'float model','learning','floatmodel'),(9,'concept','learning','concept'),(10,'params','learning','params'),(11,'questions','learning','questions'),(12,'type','learning','type'),(13,'user skill','learning','userskill');
/*!40000 ALTER TABLE `django_content_type` ENABLE KEYS */;
UNLOCK TABLES;

--
-- Table structure for table `django_session`
--

DROP TABLE IF EXISTS `django_session`;
/*!40101 SET @saved_cs_client     = @@character_set_client */;
/*!40101 SET character_set_client = utf8 */;
CREATE TABLE `django_session` (
  `session_key` varchar(40) NOT NULL,
  `session_data` longtext NOT NULL,
  `expire_date` datetime NOT NULL,
  PRIMARY KEY (`session_key`),
  KEY `django_session_b7b81f0c` (`expire_date`)
) ENGINE=InnoDB DEFAULT CHARSET=latin1;
/*!40101 SET character_set_client = @saved_cs_client */;

--
-- Dumping data for table `django_session`
--

LOCK TABLES `django_session` WRITE;
/*!40000 ALTER TABLE `django_session` DISABLE KEYS */;
INSERT INTO `django_session` VALUES ('6449pfdoh5fskxxzxfegg63izbr8aolz','MzM1ZDgyNmI1ZDY1MWRhOGE3MTVjNzAwNzRkYTA0NzJlOWJmMjA4MDp7fQ==','2015-03-13 20:36:30');
/*!40000 ALTER TABLE `django_session` ENABLE KEYS */;
UNLOCK TABLES;

--
-- Table structure for table `learning_concept`
--

DROP TABLE IF EXISTS `learning_concept`;
/*!40101 SET @saved_cs_client     = @@character_set_client */;
/*!40101 SET character_set_client = utf8 */;
CREATE TABLE `learning_concept` (
  `id` int(11) NOT NULL AUTO_INCREMENT,
  `question_id` int(11) NOT NULL,
  `param1_id` int(11),
  `param2_id` int(11) DEFAULT NULL,
  `type_id` int(11) NOT NULL,
  PRIMARY KEY (`id`),
  KEY `learning_concept_25110688` (`question_id`),
  KEY `learning_concept_a4639734` (`param1_id`),
  KEY `learning_concept_70bde48a` (`param2_id`),
  KEY `learning_concept_403d8ff3` (`type_id`),
  CONSTRAINT `param1_id_refs_id_71e9445f4ea724a8` FOREIGN KEY (`param1_id`) REFERENCES `learning_params` (`id`),
  CONSTRAINT `param2_id_refs_id_71e9445f4ea724a8` FOREIGN KEY (`param2_id`) REFERENCES `learning_params` (`id`),
  CONSTRAINT `question_id_refs_id_93dd819681f5d6a` FOREIGN KEY (`question_id`) REFERENCES `learning_questions` (`id`),
  CONSTRAINT `type_id_refs_id_79be5b42010a9228` FOREIGN KEY (`type_id`) REFERENCES `learning_type` (`id`)
) ENGINE=InnoDB AUTO_INCREMENT=1161 DEFAULT CHARSET=latin1;
/*!40101 SET character_set_client = @saved_cs_client */;

--
-- Dumping data for table `learning_concept`
--

LOCK TABLES `learning_concept` WRITE;
/*!40000 ALTER TABLE `learning_concept` DISABLE KEYS */;
INSERT INTO `learning_concept` VALUES (1,1,8,2,2),(2,2,8,2,2),(3,3,8,2,2),(4,4,8,2,2),(5,5,8,2,2),(6,6,8,2,2),(7,7,8,2,2),(8,8,8,2,2),(9,9,8,2,2),(10,10,8,2,2),(11,11,8,2,2),(12,12,8,2,2),(13,13,8,2,2),(14,14,8,2,2),(15,15,8,2,2),(16,16,8,2,2),(17,17,8,2,2),(18,18,8,2,2),(19,19,8,2,2),(20,20,8,2,2),(21,21,8,2,2),(22,22,8,2,2),(23,23,8,2,2),(24,24,8,2,2),(25,25,8,2,2),(26,26,8,2,2),(27,27,8,2,2),(28,28,8,2,2),(29,29,8,2,2),(30,30,8,2,2),(31,31,8,2,2),(32,32,8,2,2),(33,33,8,2,2),(34,34,8,2,2),(35,35,8,2,2),(36,1,8,3,2),(37,2,8,3,2),(38,3,8,3,2),(39,4,8,3,2),(40,5,8,3,2),(41,6,8,3,2),(42,7,8,3,2),(43,8,8,3,2),(44,9,8,3,2),(45,10,8,3,2),(46,11,8,3,2),(47,12,8,3,2),(48,13,8,3,2),(49,14,8,3,2),(50,15,8,3,2),(51,16,8,3,2),(52,17,8,3,2),(53,18,8,3,2),(54,19,8,3,2),(55,20,8,3,2),(56,21,8,3,2),(57,22,8,3,2),(58,23,8,3,2),(59,24,8,3,2),(60,25,8,3,2),(61,26,8,3,2),(62,27,8,3,2),(63,28,8,3,2),(64,29,8,3,2),(65,30,8,3,2),(66,31,8,3,2),(67,32,8,3,2),(68,33,8,3,2),(69,34,8,3,2),(70,35,8,3,2),(71,1,8,4,2),(72,2,8,4,2),(73,3,8,4,2),(74,4,8,4,2),(75,5,8,4,2),(76,6,8,4,2),(77,7,8,4,2),(78,8,8,4,2),(79,9,8,4,2),(80,10,8,4,2),(81,11,8,4,2),(82,12,8,4,2),(83,13,8,4,2),(84,14,8,4,2),(85,15,8,4,2),(86,16,8,4,2),(87,17,8,4,2),(88,18,8,4,2),(89,19,8,4,2),(90,20,8,4,2),(91,21,8,4,2),(92,22,8,4,2),(93,23,8,4,2),(94,24,8,4,2),(95,25,8,4,2),(96,26,8,4,2),(97,27,8,4,2),(98,28,8,4,2),(99,29,8,4,2),(100,30,8,4,2),(101,31,8,4,2),(102,32,8,4,2),(103,33,8,4,2),(104,34,8,4,2),(105,35,8,4,2),(106,1,8,5,2),(107,2,8,5,2),(108,3,8,5,2),(109,4,8,5,2),(110,5,8,5,2),(111,6,8,5,2),(112,7,8,5,2),(113,8,8,5,2),(114,9,8,5,2),(115,10,8,5,2),(116,11,8,5,2),(117,12,8,5,2),(118,13,8,5,2),(119,14,8,5,2),(120,15,8,5,2),(121,16,8,5,2),(122,17,8,5,2),(123,18,8,5,2),(124,19,8,5,2),(125,20,8,5,2),(126,21,8,5,2),(127,22,8,5,2),(128,23,8,5,2),(129,24,8,5,2),(130,25,8,5,2),(131,26,8,5,2),(132,27,8,5,2),(133,28,8,5,2),(134,29,8,5,2),(135,30,8,5,2),(136,31,8,5,2),(137,32,8,5,2),(138,33,8,5,2),(139,34,8,5,2),(140,35,8,5,2),(141,1,8,6,2),(142,2,8,6,2),(143,3,8,6,2),(144,4,8,6,2),(145,5,8,6,2),(146,6,8,6,2),(147,7,8,6,2),(148,8,8,6,2),(149,9,8,6,2),(150,10,8,6,2),(151,11,8,6,2),(152,12,8,6,2),(153,13,8,6,2),(154,14,8,6,2),(155,15,8,6,2),(156,16,8,6,2),(157,17,8,6,2),(158,18,8,6,2),(159,19,8,6,2),(160,20,8,6,2),(161,21,8,6,2),(162,22,8,6,2),(163,23,8,6,2),(164,24,8,6,2),(165,25,8,6,2),(166,26,8,6,2),(167,27,8,6,2),(168,28,8,6,2),(169,29,8,6,2),(170,30,8,6,2),(171,31,8,6,2),(172,32,8,6,2),(173,33,8,6,2),(174,34,8,6,2),(175,35,8,6,2),(176,1,8,7,2),(177,2,8,7,2),(178,3,8,7,2),(179,4,8,7,2),(180,5,8,7,2),(181,6,8,7,2),(182,7,8,7,2),(183,8,8,7,2),(184,9,8,7,2),(185,10,8,7,2),(186,11,8,7,2),(187,12,8,7,2),(188,13,8,7,2),(189,14,8,7,2),(190,15,8,7,2),(191,16,8,7,2),(192,17,8,7,2),(193,18,8,7,2),(194,19,8,7,2),(195,20,8,7,2),(196,21,8,7,2),(197,22,8,7,2),(198,23,8,7,2),(199,24,8,7,2),(200,25,8,7,2),(201,26,8,7,2),(202,27,8,7,2),(203,28,8,7,2),(204,29,8,7,2),(205,30,8,7,2),(206,31,8,7,2),(207,32,8,7,2),(208,33,8,7,2),(209,34,8,7,2),(210,35,8,7,2),(211,1,8,1,2),(212,2,8,1,2),(213,3,8,1,2),(214,4,8,1,2),(215,5,8,1,2),(216,6,8,1,2),(217,7,8,1,2),(218,8,8,1,2),(219,9,8,1,2),(220,10,8,1,2),(221,11,8,1,2),(222,12,8,1,2),(223,13,8,1,2),(224,14,8,1,2),(225,15,8,1,2),(226,16,8,1,2),(227,17,8,1,2),(228,18,8,1,2),(229,19,8,1,2),(230,20,8,1,2),(231,21,8,1,2),(232,22,8,1,2),(233,23,8,1,2),(234,24,8,1,2),(235,25,8,1,2),(236,26,8,1,2),(237,27,8,1,2),(238,28,8,1,2),(239,29,8,1,2),(240,30,8,1,2),(241,31,8,1,2),(242,32,8,1,2),(243,33,8,1,2),(244,34,8,1,2),(245,35,8,1,2),(246,36,1,2,1),(247,37,1,2,1),(248,38,1,2,1),(249,39,1,2,1),(250,40,1,2,1),(251,41,1,2,1),(252,42,1,2,1),(253,43,1,2,1),(254,44,1,2,1),(255,45,1,2,1),(256,46,1,2,1),(257,47,1,2,1),(258,48,1,2,1),(259,49,1,2,1),(260,50,1,2,1),(261,51,1,2,1),(262,52,1,2,1),(263,53,1,2,1),(264,54,1,2,1),(265,55,1,2,1),(266,56,1,2,1),(267,57,1,2,1),(268,58,1,2,1),(269,59,1,2,1),(270,60,1,2,1),(271,36,1,3,1),(272,37,1,3,1),(273,38,1,3,1),(274,39,1,3,1),(275,40,1,3,1),(276,41,1,3,1),(277,42,1,3,1),(278,43,1,3,1),(279,44,1,3,1),(280,45,1,3,1),(281,46,1,3,1),(282,47,1,3,1),(283,48,1,3,1),(284,49,1,3,1),(285,50,1,3,1),(286,51,1,3,1),(287,52,1,3,1),(288,53,1,3,1),(289,54,1,3,1),(290,55,1,3,1),(291,56,1,3,1),(292,57,1,3,1),(293,58,1,3,1),(294,59,1,3,1),(295,60,1,3,1),(296,36,1,4,1),(297,37,1,4,1),(298,38,1,4,1),(299,39,1,4,1),(300,40,1,4,1),(301,41,1,4,1),(302,42,1,4,1),(303,43,1,4,1),(304,44,1,4,1),(305,45,1,4,1),(306,46,1,4,1),(307,47,1,4,1),(308,48,1,4,1),(309,49,1,4,1),(310,50,1,4,1),(311,51,1,4,1),(312,52,1,4,1),(313,53,1,4,1),(314,54,1,4,1),(315,55,1,4,1),(316,56,1,4,1),(317,57,1,4,1),(318,58,1,4,1),(319,59,1,4,1),(320,60,1,4,1),(321,36,1,5,1),(322,37,1,5,1),(323,38,1,5,1),(324,39,1,5,1),(325,40,1,5,1),(326,41,1,5,1),(327,42,1,5,1),(328,43,1,5,1),(329,44,1,5,1),(330,45,1,5,1),(331,46,1,5,1),(332,47,1,5,1),(333,48,1,5,1),(334,49,1,5,1),(335,50,1,5,1),(336,51,1,5,1),(337,52,1,5,1),(338,53,1,5,1),(339,54,1,5,1),(340,55,1,5,1),(341,56,1,5,1),(342,57,1,5,1),(343,58,1,5,1),(344,59,1,5,1),(345,60,1,5,1),(346,36,1,6,1),(347,37,1,6,1),(348,38,1,6,1),(349,39,1,6,1),(350,40,1,6,1),(351,41,1,6,1),(352,42,1,6,1),(353,43,1,6,1),(354,44,1,6,1),(355,45,1,6,1),(356,46,1,6,1),(357,47,1,6,1),(358,48,1,6,1),(359,49,1,6,1),(360,50,1,6,1),(361,51,1,6,1),(362,52,1,6,1),(363,53,1,6,1),(364,54,1,6,1),(365,55,1,6,1),(366,56,1,6,1),(367,57,1,6,1),(368,58,1,6,1),(369,59,1,6,1),(370,60,1,6,1),(371,36,1,7,1),(372,37,1,7,1),(373,38,1,7,1),(374,39,1,7,1),(375,40,1,7,1),(376,41,1,7,1),(377,42,1,7,1),(378,43,1,7,1),(379,44,1,7,1),(380,45,1,7,1),(381,46,1,7,1),(382,47,1,7,1),(383,48,1,7,1),(384,49,1,7,1),(385,50,1,7,1),(386,51,1,7,1),(387,52,1,7,1),(388,53,1,7,1),(389,54,1,7,1),(390,55,1,7,1),(391,56,1,7,1),(392,57,1,7,1),(393,58,1,7,1),(394,59,1,7,1),(395,60,1,7,1),(396,36,1,8,1),(397,37,1,8,1),(398,38,1,8,1),(399,39,1,8,1),(400,40,1,8,1),(401,41,1,8,1),(402,42,1,8,1),(403,43,1,8,1),(404,44,1,8,1),(405,45,1,8,1),(406,46,1,8,1),(407,47,1,8,1),(408,48,1,8,1),(409,49,1,8,1),(410,50,1,8,1),(411,51,1,8,1),(412,52,1,8,1),(413,53,1,8,1),(414,54,1,8,1),(415,55,1,8,1),(416,56,1,8,1),(417,57,1,8,1),(418,58,1,8,1),(419,59,1,8,1),(420,60,1,8,1),(422,61,11,10,6),(424,63,11,10,6),(426,64,11,10,6),(427,36,11,10,6),(428,41,11,10,6),(429,46,11,10,6),(430,51,11,10,6),(431,65,11,10,6),(432,66,11,10,6),(433,67,11,10,6),(434,68,11,10,6),(435,69,11,10,6),(436,70,11,10,6),(437,71,11,10,6),(438,72,11,10,6),(439,73,11,10,6),(440,74,11,10,6),(441,75,11,10,6),(442,76,11,10,6),(443,61,11,9,6),(444,63,11,9,6),(445,64,11,9,6),(446,65,11,9,6),(447,66,11,9,6),(448,67,11,9,6),(449,36,11,9,6),(450,68,11,9,6),(451,69,11,9,6),(452,70,11,9,6),(453,41,11,9,6),(454,71,11,9,6),(455,72,11,9,6),(456,73,11,9,6),(457,46,11,9,6),(458,74,11,9,6),(459,75,11,9,6),(460,76,11,9,6),(461,51,11,9,6),(462,78,10,11,6),(463,45,10,11,6),(464,79,10,11,6),(465,50,10,11,6),(466,80,10,11,6),(467,55,10,11,6),(468,81,10,11,6),(469,60,10,11,6),(470,82,10,11,6),(471,83,10,11,6),(472,84,10,11,6),(473,85,10,11,6),(474,86,10,11,6),(475,87,10,11,6),(476,88,10,11,6),(477,89,10,11,6),(478,90,10,11,6),(479,92,9,11,6),(480,93,9,11,6),(481,94,9,11,6),(482,95,9,11,6),(483,96,9,11,6),(484,97,9,11,6),(485,98,9,11,6),(486,99,9,11,6),(487,100,9,11,6),(488,101,9,11,6),(489,102,9,11,6),(490,103,9,11,6),(491,104,9,11,6),(492,105,9,11,6),(493,106,9,11,6),(494,107,9,11,6),(495,92,9,10,6),(496,93,9,10,6),(497,94,9,10,6),(498,95,9,10,6),(499,96,9,10,6),(500,97,9,10,6),(501,98,9,10,6),(502,99,9,10,6),(503,100,9,10,6),(504,101,9,10,6),(505,102,9,10,6),(506,103,9,10,6),(507,104,9,10,6),(508,105,9,10,6),(509,106,9,10,6),(510,107,9,10,6),(511,78,10,9,6),(512,45,10,9,6),(513,79,10,9,6),(514,50,10,9,6),(515,80,10,9,6),(516,55,10,9,6),(517,81,10,9,6),(518,60,10,9,6),(519,82,10,9,6),(520,83,10,9,6),(521,84,10,9,6),(522,85,10,9,6),(523,86,10,9,6),(524,87,10,9,6),(525,88,10,9,6),(526,89,10,9,6),(527,90,10,9,6),(528,91,10,9,6),(529,109,10,9,6),(530,110,10,9,6),(531,111,10,9,6),(532,112,10,9,6),(533,113,10,9,6),(534,114,10,9,6),(535,115,10,9,6),(536,116,10,9,6),(537,117,10,9,6),(538,118,10,9,6),(539,119,10,9,6),(540,120,10,9,6),(541,121,10,9,6),(542,122,10,9,6),(543,123,10,9,6),(544,124,10,9,6),(545,125,10,9,6),(546,126,10,9,6),(547,127,10,9,6),(548,128,10,9,6),(549,129,10,9,6),(550,130,10,9,6),(551,131,10,9,6),(552,132,10,9,6),(553,133,10,9,6),(554,134,10,9,6),(555,135,10,9,6),(556,136,10,9,6),(557,137,10,9,6),(558,138,10,9,6),(559,139,10,9,6),(560,92,10,9,6),(561,140,10,9,6),(562,141,10,9,6),(563,97,10,9,6),(564,142,10,9,6),(565,143,10,9,6),(566,102,10,9,6),(567,144,10,9,6),(568,145,10,9,6),(569,107,10,9,6),(570,146,10,9,6),(571,147,10,9,6),(572,148,10,9,6),(573,149,10,9,6),(574,2,10,9,6),(575,150,10,9,6),(576,151,10,9,6),(577,152,10,9,6),(578,153,10,9,6),(579,154,10,9,6),(580,155,10,9,6),(581,156,10,9,6),(582,157,10,9,6),(583,158,10,9,6),(584,159,10,9,6),(585,160,10,9,6),(586,161,10,9,6),(587,50,12,17,5),(588,53,12,17,5),(589,56,12,17,5),(590,59,12,17,5),(591,163,12,17,5),(592,83,12,17,5),(593,164,12,17,5),(594,165,12,17,5),(595,166,12,17,5),(596,167,12,17,5),(597,89,12,17,5),(598,168,12,17,5),(599,169,12,17,5),(600,170,12,17,5),(601,171,12,17,5),(602,112,12,17,5),(603,172,12,17,5),(604,173,12,17,5),(605,174,12,17,5),(606,175,12,17,5),(619,69,17,12,5),(620,176,17,12,5),(621,78,17,12,5),(622,177,17,12,5),(623,178,17,12,5),(624,75,17,12,5),(625,179,17,12,5),(626,80,17,12,5),(627,180,17,12,5),(628,181,17,12,5),(629,182,17,12,5),(630,183,17,12,5),(631,66,13,17,5),(632,184,13,17,5),(633,185,13,17,5),(634,186,13,17,5),(635,187,13,17,5),(636,69,13,17,5),(637,188,13,17,5),(638,176,13,17,5),(639,176,17,13,5),(640,78,17,13,5),(641,177,17,13,5),(642,178,17,13,5),(643,75,17,13,5),(644,179,17,13,5),(645,80,17,13,5),(646,180,17,13,5),(647,181,17,13,5),(648,182,17,13,5),(649,183,17,13,5),(650,82,17,13,5),(651,56,13,18,5),(652,60,13,18,5),(653,191,13,18,5),(654,164,13,18,5),(655,192,13,18,5),(656,193,13,18,5),(657,89,13,18,5),(658,39,18,13,5),(659,40,18,13,5),(660,41,18,13,5),(661,42,18,13,5),(662,43,18,13,5),(663,44,18,13,5),(664,45,18,13,5),(665,46,18,13,5),(666,47,18,13,5),(667,66,14,18,5),(668,37,14,18,5),(669,176,14,18,5),(670,44,14,18,5),(671,79,14,18,5),(672,51,14,18,5),(673,184,18,14,5),(674,69,18,14,5),(675,78,18,14,5),(676,178,18,14,5),(677,179,18,14,5),(678,180,18,14,5),(679,66,14,27,5),(680,40,14,27,5),(681,178,14,27,5),(682,53,14,27,5),(683,195,14,27,5),(684,196,14,27,5),(685,86,14,27,5),(686,184,27,14,5),(687,42,27,14,5),(688,198,27,14,5),(689,57,27,14,5),(690,190,27,14,5),(691,192,27,14,5),(692,66,15,16,5),(693,188,15,16,5),(694,200,15,16,5),(695,201,15,16,5),(696,81,15,16,5),(697,202,15,16,5),(698,203,15,16,5),(699,204,15,16,5),(700,205,15,16,5),(701,109,15,16,5),(702,184,14,15,5),(703,189,14,15,5),(704,75,14,15,5),(705,207,14,15,5),(706,82,14,15,5),(707,203,14,15,5),(708,208,14,15,5),(709,209,14,15,5),(710,210,14,15,5),(711,41,19,25,4),(712,75,19,25,4),(713,56,19,25,4),(714,202,19,25,4),(715,165,19,25,4),(716,38,25,19,4),(717,177,25,19,4),(718,51,25,19,4),(719,81,25,19,4),(720,191,25,19,4),(731,220,23,20,4),(732,221,23,20,4),(733,222,23,20,4),(734,223,23,20,4),(735,224,23,20,4),(736,225,23,20,4),(737,226,23,20,4),(738,227,23,20,4),(739,228,23,20,4),(740,229,23,20,4),(741,230,23,20,4),(742,69,20,23,4),(743,79,20,23,4),(744,181,20,23,4),(745,213,20,23,4),(746,214,20,23,4),(747,66,21,23,4),(748,232,21,23,4),(749,233,21,23,4),(750,234,21,23,4),(751,235,21,23,4),(752,41,23,21,4),(753,237,23,21,4),(754,238,23,21,4),(755,239,23,21,4),(756,240,23,21,4),(757,66,28,21,4),(758,242,28,21,4),(759,243,28,21,4),(760,244,28,21,4),(761,245,28,21,4),(762,246,28,21,4),(763,248,21,28,4),(764,249,21,28,4),(765,250,21,28,4),(766,251,21,28,4),(767,252,21,28,4),(768,253,21,28,4),(769,36,22,24,4),(770,255,22,24,4),(771,256,22,24,4),(772,257,22,24,4),(773,258,22,24,4),(774,259,22,24,4),(775,261,24,22,4),(776,262,24,22,4),(777,263,24,22,4),(778,264,24,22,4),(779,265,24,22,4),(780,266,24,22,4),(782,261,43,34,4),(783,268,43,34,4),(784,269,43,34,4),(785,270,43,34,4),(786,271,43,34,4),(787,272,43,34,4),(788,273,43,34,4),(789,274,43,34,4),(790,276,34,22,4),(791,277,34,22,4),(792,278,34,22,4),(793,279,34,22,4),(794,280,34,22,4),(795,281,34,22,4),(796,282,34,22,4),(797,283,34,22,4),(798,284,34,22,4),(799,286,34,43,4),(800,287,34,43,4),(801,288,34,43,4),(802,289,34,43,4),(803,290,34,43,4),(804,291,34,43,4),(805,292,34,43,4),(806,293,34,43,4),(807,294,34,43,4),(808,248,24,43,4),(809,296,24,43,4),(810,297,24,43,4),(811,298,24,43,4),(812,299,24,43,4),(813,300,24,43,4),(814,301,24,43,4),(815,56,43,24,4),(816,303,43,24,4),(817,304,43,24,4),(818,305,43,24,4),(819,306,43,24,4),(820,307,43,24,4),(821,308,43,24,4),(822,286,43,24,4),(823,310,43,24,4),(824,311,43,24,4),(825,312,43,24,4),(826,313,43,24,4),(827,314,43,24,4),(828,315,43,24,4),(829,316,43,24,4),(830,317,43,24,4),(831,318,43,24,4),(832,319,43,24,4),(869,261,36,29,3),(870,321,36,29,3),(871,322,36,29,3),(872,323,36,29,3),(873,324,36,29,3),(874,325,36,29,3),(875,326,36,29,3),(876,327,36,29,3),(877,328,36,29,3),(878,329,36,29,3),(879,330,36,29,3),(880,331,36,29,3),(881,66,36,45,3),(882,333,36,45,3),(883,334,36,45,3),(884,335,36,45,3),(885,336,36,45,3),(886,337,36,45,3),(887,248,36,32,3),(888,339,36,32,3),(889,340,36,32,3),(890,341,36,32,3),(891,342,36,32,3),(892,343,36,32,3),(893,220,36,44,3),(894,345,36,44,3),(895,346,36,44,3),(896,347,36,44,3),(897,348,36,44,3),(898,349,36,44,3),(899,350,36,44,3),(900,351,36,44,3),(901,372,36,44,3),(902,354,36,26,3),(903,355,36,26,3),(904,356,36,26,3),(905,357,36,26,3),(906,358,36,26,3),(907,39,26,36,3),(908,360,26,36,3),(909,361,26,36,3),(910,362,26,36,3),(911,363,26,36,3),(912,364,26,36,3),(919,185,32,36,3),(920,366,32,36,3),(921,367,32,36,3),(922,368,32,36,3),(923,369,32,36,3),(924,370,32,36,3),(925,261,45,36,3),(926,372,45,36,3),(927,373,45,36,3),(928,374,45,36,3),(929,375,45,36,3),(930,376,45,36,3),(931,377,45,36,3),(932,248,30,37,3),(933,379,30,37,3),(934,380,30,37,3),(935,381,30,37,3),(936,382,30,37,3),(937,383,30,37,3),(938,384,30,37,3),(939,385,30,37,3),(940,386,30,37,3),(941,387,30,37,3),(942,388,30,37,3),(943,389,30,37,3),(944,390,30,37,3),(945,391,30,37,3),(946,392,30,37,3),(947,393,30,37,3),(948,56,37,30,3),(949,395,37,30,3),(950,396,37,30,3),(951,397,37,30,3),(952,398,37,30,3),(953,399,37,30,3),(954,186,37,31,3),(955,401,37,31,3),(956,402,37,31,3),(957,403,37,31,3),(958,404,37,31,3),(959,405,37,31,3),(960,406,37,31,3),(961,407,37,31,3),(962,408,37,31,3),(963,409,37,31,3),(964,185,31,37,3),(965,411,31,37,3),(966,412,31,37,3),(967,413,31,37,3),(968,414,31,37,3),(969,415,31,37,3),(970,416,31,37,3),(971,417,31,37,3),(972,418,31,37,3),(973,220,41,44,3),(974,420,41,44,3),(975,421,41,44,3),(976,422,41,44,3),(977,423,41,44,3),(978,424,41,44,3),(979,425,41,44,3),(980,426,41,44,3),(981,41,44,41,3),(982,428,44,41,3),(983,429,44,41,3),(984,430,44,41,3),(985,431,44,41,3),(986,432,44,41,3),(987,433,44,41,3),(988,434,44,41,3),(989,435,44,41,3),(990,436,44,41,3),(991,186,26,41,3),(992,438,26,41,3),(993,439,26,41,3),(994,440,26,41,3),(995,441,26,41,3),(996,442,26,41,3),(997,443,26,41,3),(998,444,26,41,3),(999,445,26,41,3),(1000,446,26,41,3),(1001,447,26,41,3),(1002,185,41,26,3),(1003,449,41,26,3),(1004,450,41,26,3),(1005,451,41,26,3),(1006,452,41,26,3),(1007,453,41,26,3),(1008,454,41,26,3),(1009,455,41,26,3),(1010,456,41,26,3),(1011,185,41,32,3),(1012,449,41,32,3),(1013,450,41,32,3),(1014,451,41,32,3),(1015,452,41,32,3),(1016,453,41,32,3),(1017,454,41,32,3),(1018,455,41,32,3),(1019,456,41,32,3),(1020,42,32,41,3),(1021,458,32,41,3),(1022,459,32,41,3),(1023,460,32,41,3),(1024,461,32,41,3),(1025,462,32,41,3),(1026,463,32,41,3),(1027,464,32,41,3),(1028,465,32,41,3),(1029,466,32,41,3),(1030,467,32,41,3),(1033,36,46,48,9),(1034,469,46,48,9),(1035,176,46,48,9),(1036,470,46,48,9),(1037,45,46,48,9),(1038,74,46,48,9),(1039,198,46,48,9),(1040,471,46,48,9),(1041,54,46,48,9),(1042,472,46,48,9),(1043,182,46,48,9),(1044,473,46,48,9),(1045,474,46,48,9),(1046,475,46,48,9),(1047,84,46,48,9),(1048,476,46,48,9),(1049,192,46,48,9),(1050,477,46,48,9),(1051,208,46,48,9),(1052,478,46,48,9),(1053,286,46,48,9),(1054,479,46,48,9),(1055,480,46,48,9),(1056,481,46,48,9),(1057,110,46,48,9),(1058,482,46,48,9),(1059,483,46,48,9),(1060,484,46,48,9),(1061,485,46,48,9),(1062,486,46,48,9),(1063,487,46,48,9),(1064,488,46,48,9),(1065,489,46,48,9),(1066,490,46,48,9),(1067,119,46,48,9),(1068,491,46,48,9),(1069,492,46,48,9),(1070,493,46,48,9),(1071,36,47,48,9),(1072,469,47,48,9),(1073,176,47,48,9),(1074,470,47,48,9),(1075,45,47,48,9),(1076,74,47,48,9),(1077,198,47,48,9),(1078,471,47,48,9),(1079,54,47,48,9),(1080,472,47,48,9),(1081,182,47,48,9),(1082,473,47,48,9),(1083,474,47,48,9),(1084,475,47,48,9),(1085,84,47,48,9),(1086,476,47,48,9),(1087,192,47,48,9),(1088,477,47,48,9),(1089,208,47,48,9),(1090,478,47,48,9),(1091,286,47,48,9),(1092,479,47,48,9),(1093,480,47,48,9),(1094,481,47,48,9),(1095,110,47,48,9),(1096,482,47,48,9),(1097,483,47,48,9),(1098,484,47,48,9),(1099,485,47,48,9),(1100,486,47,48,9),(1101,487,47,48,9),(1102,488,47,48,9),(1103,489,47,48,9),(1104,490,47,48,9),(1105,119,47,48,9),(1106,491,47,48,9),(1107,492,47,48,9),(1108,493,47,48,9),(1109,185,48,48,8),(1110,188,48,48,8),(1111,72,48,48,8),(1112,79,48,48,8),(1113,201,48,48,8),(1115,195,48,48,8),(1116,202,48,48,8),(1117,84,48,48,8),(1118,495,48,48,8),(1119,204,48,48,8),(1120,199,48,48,8),(1121,209,48,48,8),(1122,109,48,48,8),(1123,496,48,48,8),(1124,497,48,48,8),(1125,498,48,48,8),(1126,487,48,48,8),(1127,117,48,48,8),(1128,499,48,48,8),(1130,501,48,48,8),(1131,502,48,48,8),(1132,125,48,48,8),(1133,39,48,48,8),(1135,49,48,48,8),(1136,207,48,48,8),(1137,474,48,48,8),(1139,286,48,48,8),(1141,504,48,48,8),(1142,500,48,48,8),(1143,505,48,48,8),(1144,36,49,50,10),(1145,69,49,50,10),(1146,41,49,50,10),(1147,72,49,50,10),(1148,46,49,50,10),(1149,75,49,50,10),(1150,51,49,50,10),(1151,506,49,50,10),(1152,56,49,50,10),(1153,182,49,50,10),(1154,507,49,50,10),(1155,202,49,50,10),(1156,196,49,50,10),(1157,508,49,50,10),(1158,165,49,50,10),(1159,509,49,50,10),(1160,193,49,50,10);
/*!40000 ALTER TABLE `learning_concept` ENABLE KEYS */;
UNLOCK TABLES;

--
-- Table structure for table `learning_floatmodel`
--

DROP TABLE IF EXISTS `learning_floatmodel`;
/*!40101 SET @saved_cs_client     = @@character_set_client */;
/*!40101 SET character_set_client = utf8 */;
CREATE TABLE `learning_floatmodel` (
  `id` int(11) NOT NULL AUTO_INCREMENT,
  `result` double NOT NULL,
  `answer` double NOT NULL,
  `type_id` int(11) NOT NULL,
  `time` int(11) NOT NULL,
  `user_id` int(11) DEFAULT NULL,
  `usedHint` tinyint(1) NOT NULL,
  `label` double DEFAULT NULL,
  `date` datetime DEFAULT '2015-02-26 23:00:00',
  `concept_id` int(11) NOT NULL,
  PRIMARY KEY (`id`),
  KEY `learning_floatmodel_403d8ff3` (`type_id`),
  KEY `learning_floatmodel_6340c63c` (`user_id`),
  KEY `learning_floatmodel_8a386586` (`concept_id`),
  CONSTRAINT `concept_id_refs_id_54beff2670a2a233` FOREIGN KEY (`concept_id`) REFERENCES `learning_concept` (`id`),
  CONSTRAINT `type_id_refs_id_444862b09187e290` FOREIGN KEY (`type_id`) REFERENCES `learning_type` (`id`),
  CONSTRAINT `user_id_refs_id_630270d3410ecf4b` FOREIGN KEY (`user_id`) REFERENCES `auth_user` (`id`)
) ENGINE=InnoDB AUTO_INCREMENT=326 DEFAULT CHARSET=latin1;
/*!40101 SET character_set_client = @saved_cs_client */;

--
-- Dumping data for table `learning_floatmodel`
--

LOCK TABLES `learning_floatmodel` WRITE;
/*!40000 ALTER TABLE `learning_floatmodel` DISABLE KEYS */;
INSERT INTO `learning_floatmodel` VALUES (1,12.18,10,2,1,NULL,1,0.178981937602627,'2015-02-27 21:17:01',1),(2,13.72,100,2,10,NULL,1,1,'2015-02-27 21:17:45',2),(3,15.3,16,2,4,NULL,1,0.0457516339869281,'2015-02-27 21:17:45',3),(4,16.81,19,2,4,NULL,1,0.130279595478882,'2015-02-27 21:17:45',4),(5,3,3,8,2,NULL,0,0,'2015-02-27 21:49:42',1109),(6,8.43673525607408,12,10,2,NULL,0,0.42235113889114,'2015-02-28 18:03:44',1144),(7,15,14,10,5,NULL,0,0.0666666666666667,'2015-02-28 18:05:50',1145),(8,18.4,15,2,3,NULL,1,0.184782608695652,'2015-02-28 20:49:32',5),(9,19.94,19,2,4,NULL,1,0.0471414242728185,'2015-02-28 20:49:32',6),(10,21.49,19,2,2,NULL,1,0.115867845509539,'2015-02-28 20:49:32',7),(11,23.04,19,2,1,NULL,1,0.175347222222222,'2015-02-28 20:49:32',8),(12,24.58,19,2,1,NULL,1,0.227013832384052,'2015-02-28 20:49:32',9),(13,26.13,19,2,1,NULL,1,0.272866437045541,'2015-02-28 20:49:32',10),(14,27.68,19,2,1,NULL,1,0.313583815028902,'2015-02-28 20:49:32',11),(15,27.68,19,2,1,NULL,1,0.313583815028902,'2015-02-28 20:49:32',11),(16,27.68,19,2,1,NULL,1,0.313583815028902,'2015-02-28 20:49:32',11),(17,27.68,19,2,1,NULL,1,0.313583815028902,'2015-02-28 20:49:32',11),(18,27.68,19,2,1,NULL,1,0.313583815028902,'2015-02-28 20:49:32',11),(19,27.68,19,2,1,NULL,1,0.313583815028902,'2015-02-28 20:49:32',11),(20,29.22,19,2,1,NULL,1,0.349760438056126,'2015-02-28 20:49:32',12),(21,29.22,19,2,1,NULL,1,0.349760438056126,'2015-02-28 20:49:32',12),(22,29.22,19,2,1,NULL,1,0.349760438056126,'2015-02-28 20:49:32',12),(23,30.77,19,2,1,NULL,1,0.382515437114072,'2015-02-28 20:49:32',13),(24,32.32,19,2,1,NULL,1,0.412128712871287,'2015-02-28 20:49:32',14),(25,32.32,19,2,1,NULL,1,0.412128712871287,'2015-02-28 20:49:32',14),(26,33.86,19,2,2,NULL,1,0.438865918487891,'2015-02-28 20:49:32',15),(27,35.41,20,2,3,NULL,1,0.435187800056481,'2015-02-28 20:49:32',16),(28,36.96,20,2,2,NULL,1,0.458874458874459,'2015-02-28 20:49:32',17),(29,38.5,20,2,3,NULL,1,0.480519480519481,'2015-02-28 20:49:32',18),(30,40.05,20,2,1,NULL,1,0.500624219725343,'2015-02-28 20:49:32',19),(31,41.6,40,2,3,NULL,1,0.0384615384615385,'2015-02-28 20:49:32',20),(32,43.14,0,2,4,NULL,1,1,'2015-02-28 20:49:32',21),(33,44.69,0,2,3,NULL,1,1,'2015-02-28 20:49:32',22),(34,46.24,0,2,3,NULL,1,1,'2015-02-28 20:49:32',23),(35,47.78,0,2,2,NULL,1,1,'2015-02-28 20:49:32',24),(36,49.33,0,2,2,NULL,1,1,'2015-02-28 20:49:32',25),(37,50.88,0,2,1,NULL,1,1,'2015-02-28 20:49:32',26),(38,52.42,0,2,2,NULL,1,1,'2015-02-28 20:49:32',27),(39,53.97,53,2,15,NULL,1,0.0179729479340374,'2015-02-28 21:40:24',28),(40,55.51,53,2,4,NULL,1,0.0452170780039632,'2015-02-28 21:40:24',29),(41,57.06,50,2,3,NULL,1,0.12372940764108,'2015-02-28 21:40:24',30),(42,58.61,50,2,2,NULL,1,0.146903258829551,'2015-02-28 21:40:24',31),(43,60.15,50,2,2,NULL,1,0.168744804655029,'2015-02-28 21:40:24',32),(44,61.7,50,2,4,NULL,1,0.189627228525122,'2015-02-28 21:40:24',33),(45,63.25,50,2,4,NULL,1,0.209486166007905,'2015-02-28 21:40:24',34),(46,64.79,50,2,5,NULL,1,0.22827596851366,'2015-02-28 21:40:24',35),(47,45.24,50,2,2,NULL,1,0.105216622458002,'2015-02-28 21:40:24',36),(48,45.24,50,2,2,NULL,1,0.105216622458002,'2015-02-28 21:40:24',36),(49,50.97,50,2,2,NULL,1,0.0190308024328036,'2015-02-28 21:40:24',37),(50,50.97,50,2,2,NULL,1,0.0190308024328036,'2015-02-28 21:40:24',37),(51,56.7,50,2,1,NULL,1,0.118165784832452,'2015-02-28 21:40:24',38),(52,62.43,42,2,3,NULL,1,0.32724651609803,'2015-02-28 21:40:24',39),(53,68.16,30,2,3,NULL,1,0.559859154929577,'2015-02-28 21:40:24',40),(54,73.89,0,2,3,NULL,1,1,'2015-02-28 21:40:24',41),(55,79.62,10,2,3,NULL,1,0.874403416227079,'2015-02-28 21:40:24',42),(56,85.35,20,2,4,NULL,1,0.765670767428237,'2015-02-28 21:40:24',43),(57,11.2,8,1,5,NULL,1,0.285714285714286,'2015-02-28 21:40:24',246),(58,13.44,10,1,7,NULL,1,0.255952380952381,'2015-03-01 10:42:39',247),(59,15.67,12,1,4,NULL,1,0.234205488194001,'2015-03-01 10:42:39',248),(60,17.91,18,1,5,NULL,1,0.0050251256281407,'2015-03-01 10:42:39',249),(61,17.91,18,1,5,NULL,1,0.0050251256281407,'2015-03-01 10:42:39',249),(62,20.15,20,1,9,NULL,1,0.00744416873449124,'2015-03-01 10:42:39',250),(63,22.39,21,1,135,NULL,1,0.0620812862885217,'2015-03-01 10:42:39',251),(64,24.63,24,1,5,NULL,1,0.02557856272838,'2015-03-01 10:42:39',252),(65,3.1,2,4,3,NULL,1,0.354838709677419,'2015-03-01 11:10:35',711),(66,5.43,5,4,22,NULL,1,0.0791896869244935,'2015-03-01 11:10:35',712),(67,7.75,8,4,4,NULL,1,0.032258064516129,'2015-03-01 11:10:35',713),(68,10.08,11,4,4,NULL,1,0.0912698412698413,'2015-03-01 11:10:35',714),(69,12.4,14,4,5,NULL,1,0.129032258064516,'2015-03-01 11:10:35',715),(70,90.32,84,4,47,NULL,1,0.0699734278122231,'2015-03-01 11:10:35',716),(71,174.19,134,4,10,NULL,1,0.230725070325507,'2015-03-01 11:10:35',717),(72,258.06,240,4,8,NULL,1,0.0699837247151825,'2015-03-01 11:10:35',718),(73,14.96,12,5,5,NULL,1,0.197860962566845,'2015-03-01 11:10:35',587),(74,17.32,19,5,14,NULL,1,0.0969976905311778,'2015-03-01 11:10:35',588),(75,19.69,65,5,6,NULL,1,1,'2015-03-01 11:10:35',589),(76,22.05,22,5,27,NULL,1,0.00226757369614516,'2015-03-01 11:10:35',590),(77,24.41,24,5,11,NULL,1,0.0167963949201147,'2015-03-01 11:10:35',591),(78,26.77,26,5,5,NULL,1,0.0287635412775495,'2015-03-01 11:10:35',592),(79,29.13,28,5,8,NULL,1,0.0387916237555784,'2015-03-01 11:10:35',593),(80,31.5,32,5,5,NULL,1,0.0158730158730159,'2015-03-01 11:27:31',594),(81,33.86,34,5,4,NULL,1,0.00413467217956292,'2015-03-01 11:27:31',595),(82,36.22,36,5,7,NULL,1,0.00607399226946435,'2015-03-01 11:27:31',596),(83,38.58,38,5,4,NULL,1,0.0150336962156557,'2015-03-01 11:27:31',597),(84,40.94,40,5,5,NULL,1,0.0229604298974108,'2015-03-01 11:27:31',598),(85,40.94,40,5,5,NULL,1,0.0229604298974108,'2015-03-01 11:27:31',598),(86,43.31,42,5,6,NULL,1,0.0302470561071347,'2015-03-01 11:27:31',599),(87,45.67,44,5,4,NULL,1,0.036566673965404,'2015-03-01 11:27:31',600),(88,48.03,48,5,21,NULL,1,0.000624609618988156,'2015-03-01 11:55:39',601),(89,50.39,51,5,4,NULL,1,0.0121055765032744,'2015-03-01 11:57:41',602),(90,52.76,51,5,2,NULL,1,0.0333586050037907,'2015-03-01 11:58:06',603),(91,55.12,53,5,3,NULL,1,0.0384615384615384,'2015-03-01 11:58:35',604),(92,57.48,56,5,5,NULL,1,0.0257480862908837,'2015-03-01 12:04:17',605),(93,59.84,59,5,4,NULL,1,0.0140374331550803,'2015-03-01 12:05:20',606),(94,38.1,42,5,10,NULL,1,0.102362204724409,'2015-03-01 12:05:47',619),(95,48.26,42,5,2,NULL,1,0.129714048901782,'2015-03-01 12:06:53',620),(96,58.42,60,5,6,NULL,1,0.0270455323519342,'2015-03-01 12:06:53',621),(97,68.58,81,5,8,NULL,1,0.181102362204724,'2015-03-01 12:08:34',622),(98,78.74,77,5,16,NULL,1,0.0220980441960883,'2015-03-01 12:08:34',623),(99,88.9,81,5,9,NULL,1,0.0888638920134984,'2015-03-01 12:16:22',624),(100,99.06,100,5,14,NULL,1,0.0094891984655764,'2015-03-01 12:16:22',625),(101,109.22,107,5,8,NULL,1,0.0203259476286394,'2015-03-01 12:16:22',626),(102,119.38,107,5,3,NULL,1,0.103702462724074,'2015-03-01 12:19:25',627),(103,129.54,127,5,9,NULL,1,0.0196078431372548,'2015-03-01 12:19:25',628),(104,139.7,140,5,7,NULL,1,0.00214745884037231,'2015-03-01 12:21:29',629),(105,149.86,151,5,5,NULL,1,0.00760709995996254,'2015-03-01 12:21:54',630),(106,19.69,4,5,49,NULL,1,0.796851193499238,'2015-03-01 12:22:49',631),(107,27.56,21,5,9,NULL,1,0.238026124818578,'2015-03-01 12:22:49',632),(108,35.43,36,5,10,NULL,1,0.0160880609652837,'2015-03-01 12:22:49',633),(109,43.31,44,5,5,NULL,1,0.0159316555068113,'2015-03-01 12:24:31',634),(110,51.18,52,5,7,NULL,1,0.016021883548261,'2015-03-01 12:25:29',635),(111,26.87,26,1,5,NULL,1,0.0323781168589505,'2015-03-01 16:20:44',253),(112,29.11,28,1,6,NULL,1,0.0381312263826863,'2015-03-01 16:20:44',254),(113,31.35,30,1,6,NULL,1,0.0430622009569378,'2015-03-01 16:20:44',255),(114,33.59,32,1,7,NULL,1,0.0473355165227747,'2015-03-01 16:20:44',256),(115,35.83,34,1,5,NULL,1,0.051074518559866,'2015-03-01 16:20:44',257),(116,38.07,36,1,118,NULL,1,0.0543735224586289,'2015-03-01 16:20:44',258),(117,40.31,123,1,4,NULL,1,1,'2015-03-01 16:20:44',259),(118,42.54,40,1,13,NULL,1,0.0597085096379878,'2015-03-01 16:20:44',260),(119,44.78,42,1,112,NULL,1,0.0620812862885217,'2015-03-01 16:20:44',261),(120,47.02,44,1,3,NULL,1,0.0642279880901745,'2015-03-01 16:20:44',262),(121,49.26,49,1,3,NULL,1,0.00527811611855457,'2015-03-01 16:20:44',263),(122,51.5,52,1,3,NULL,1,0.00970873786407767,'2015-03-01 16:20:44',264),(123,53.74,52,1,5,NULL,1,0.0323781168589505,'2015-03-01 16:20:44',265),(124,55.98,63,1,3,NULL,1,0.12540192926045,'2015-03-01 16:20:44',266),(125,58.22,62,1,4,NULL,1,0.0649261422191687,'2015-03-01 16:20:44',267),(126,60.46,60,1,3,NULL,1,0.00760833608997686,'2015-03-01 16:20:44',268),(127,62.7,123,1,5,NULL,1,0.961722488038277,'2015-03-01 16:20:44',269),(128,62.7,123,1,5,NULL,1,0.961722488038277,'2015-03-01 16:20:44',269),(129,62.7,123,1,5,NULL,1,0.961722488038277,'2015-03-01 16:20:44',269),(130,62.7,123,1,5,NULL,1,0.961722488038277,'2015-03-01 16:20:44',269),(131,62.7,123,1,5,NULL,1,0.961722488038277,'2015-03-01 16:20:44',269),(132,62.7,123,1,5,NULL,1,0.961722488038277,'2015-03-01 16:20:44',269),(133,62.7,123,1,5,NULL,1,0.961722488038277,'2015-03-01 16:20:44',269),(134,64.94,123,1,2,NULL,1,0.894056051740068,'2015-03-01 16:20:44',270),(135,41.48,123,1,2,NULL,1,1,'2015-03-01 16:20:44',271),(136,41.48,123,1,2,NULL,1,1,'2015-03-01 16:20:44',271),(137,49.78,48,1,17,NULL,1,0.0357573322619526,'2015-03-01 16:20:44',272),(138,58.08,56,1,15,NULL,1,0.0358126721763085,'2015-03-01 16:20:44',273),(139,66.37,60,1,7,NULL,1,0.0959770980864849,'2015-03-01 16:20:44',274),(140,74.67,70,1,17,NULL,1,0.0625418508102317,'2015-03-01 16:20:44',275),(141,-5.00000022222218,4.99999977777782,6,26,NULL,1,1,'2015-03-01 18:25:37',422),(142,-2.50000022222218,-2.22222244444441,6,70,NULL,1,0.111111101234568,'2015-03-01 18:27:25',424),(143,0.000001,718.333333111111,6,22,NULL,1,1,'2015-03-01 18:27:25',426),(144,59.06,123,5,4,NULL,1,1,'2015-03-01 18:27:25',636),(145,66.93,123,5,3,NULL,1,0.837740923352756,'2015-03-01 18:27:25',637),(146,74.8,123,5,3,NULL,1,0.644385026737968,'2015-03-01 18:27:25',638),(147,74.8,123,5,3,NULL,1,0.644385026737968,'2015-03-01 18:27:25',638),(148,4.83,12,5,6,NULL,1,1,'2015-03-01 18:27:25',639),(149,5.84,12,5,3,NULL,1,1,'2015-03-01 18:27:25',640),(150,6.86,123,5,55,NULL,1,1,'2015-03-01 18:27:25',641),(151,7.87,1325,5,5,NULL,1,1,'2015-03-01 18:27:25',642),(152,8.89,8,5,16,NULL,1,0.100112485939258,'2015-03-01 18:27:25',643),(153,9.91,9,5,13,NULL,1,0.0918264379414733,'2015-03-01 18:27:25',644),(154,9.91,9,5,13,NULL,1,0.0918264379414733,'2015-03-01 18:27:25',644),(155,10.92,20,5,8,NULL,1,0.831501831501832,'2015-03-01 18:27:25',645),(156,10.92,20,5,8,NULL,1,0.831501831501832,'2015-03-01 18:27:25',645),(157,11.94,15,5,5,NULL,1,0.256281407035176,'2015-03-01 18:27:25',646),(158,12.95,15,5,4,NULL,1,0.158301158301158,'2015-03-01 18:27:25',647),(159,12.95,15,5,4,NULL,1,0.158301158301158,'2015-03-01 18:27:25',647),(160,82.97,80,1,10,NULL,1,0.0357960708689888,'2015-03-01 18:27:25',276),(161,91.12,88,1,11,NULL,1,0.0342405618964004,'2015-03-01 18:27:25',277),(162,99.41,90,1,26,NULL,1,0.094658485061865,'2015-03-01 18:27:25',278),(163,99.41,90,1,26,NULL,1,0.094658485061865,'2015-03-01 18:27:25',278),(164,107.69,145,1,5,NULL,1,0.346457424087659,'2015-03-01 18:27:25',279),(165,107.69,145,1,5,NULL,1,0.346457424087659,'2015-03-01 18:27:25',279),(166,115.98,23,1,4,NULL,1,0.801689946542507,'2015-03-01 18:27:25',280),(167,115.98,23,1,4,NULL,1,0.801689946542507,'2015-03-01 18:27:25',280),(168,124.26,60,1,16,NULL,1,0.517141477547079,'2015-03-01 18:27:25',281),(169,132.54,32,1,4,NULL,1,0.758563452542629,'2015-03-01 18:27:25',282),(170,140.83,65,1,4,NULL,1,0.538450614215721,'2015-03-01 18:27:25',283),(171,149.11,59,1,3,NULL,1,0.604318959157669,'2015-03-01 18:27:25',284),(172,157.4,123,1,7,NULL,1,0.218551461245235,'2015-03-01 18:27:25',285),(173,165.68,1325,1,4,NULL,1,1,'2015-03-01 18:27:25',286),(174,173.96,15,1,3,NULL,1,0.913773281214072,'2015-03-01 18:27:25',287),(175,182.25,1235,1,4,NULL,1,1,'2015-03-01 18:27:25',288),(176,190.53,15,1,3,NULL,1,0.921272240592033,'2015-03-01 18:27:25',289),(177,198.82,14,1,4,NULL,1,0.929584548838145,'2015-03-01 18:27:25',290),(178,207.1,1,1,4,NULL,1,0.995171414775471,'2015-03-01 18:27:25',291),(179,207.1,1,1,4,NULL,1,0.995171414775471,'2015-03-01 18:27:25',291),(180,215.38,3,1,6,NULL,1,0.986071130095645,'2015-03-01 18:27:25',292),(181,215.38,3,1,6,NULL,1,0.986071130095645,'2015-03-01 18:27:25',292),(182,223.67,1,1,4,NULL,1,0.995529127732821,'2015-03-01 18:27:25',293),(183,223.67,1,1,4,NULL,1,0.995529127732821,'2015-03-01 18:27:25',293),(184,231.95,2,1,3,NULL,1,0.991377452037077,'2015-03-01 18:27:25',294),(185,231.95,2,1,3,NULL,1,0.991377452037077,'2015-03-01 18:27:25',294),(186,240.24,3,1,2,NULL,1,0.987512487512488,'2015-03-01 18:27:25',295),(187,240.24,3,1,2,NULL,1,0.987512487512488,'2015-03-01 18:27:25',295),(188,3022.49,4,1,3,NULL,1,0.998676587846445,'2015-03-01 18:27:25',296),(189,3022.49,4,1,3,NULL,1,0.998676587846445,'2015-03-01 18:27:25',296),(190,3626.99,5,1,4,NULL,1,0.998621446433544,'2015-03-01 18:27:25',297),(191,4231.48,6,1,3,NULL,1,0.998582056396344,'2015-03-01 18:27:25',298),(192,4231.48,6,1,3,NULL,1,0.998582056396344,'2015-03-01 18:27:25',298),(193,4835.98,7,1,3,NULL,1,0.998552516759788,'2015-03-01 18:27:25',299),(194,4835.98,7,1,3,NULL,1,0.998552516759788,'2015-03-01 18:27:25',299),(195,5440.48,8,1,3,NULL,1,0.998529541511043,'2015-03-01 18:27:25',300),(196,5440.48,8,1,3,NULL,1,0.998529541511043,'2015-03-01 18:27:25',300),(197,6044.98,12,1,154,NULL,1,0.998014881769667,'2015-03-01 18:27:25',301),(198,6044.98,12,1,154,NULL,1,0.998014881769667,'2015-03-01 18:27:25',301),(199,6649.48,1,1,3,NULL,1,0.999849612300511,'2015-03-01 18:27:25',302),(200,6649.48,1,1,3,NULL,1,0.999849612300511,'2015-03-01 18:27:25',302),(201,6649.48,1,1,3,NULL,1,0.999849612300511,'2015-03-01 18:27:25',302),(202,6649.48,1,1,3,NULL,1,0.999849612300511,'2015-03-01 18:27:25',302),(203,6649.48,1,1,3,NULL,1,0.999849612300511,'2015-03-01 18:27:25',302),(204,7253.97,1,1,2,NULL,1,0.999862144453313,'2015-03-01 18:27:25',303),(205,7253.97,1,1,2,NULL,1,0.999862144453313,'2015-03-01 18:27:25',303),(206,7858.47,2,1,2,NULL,1,0.999745497533235,'2015-03-01 18:27:25',304),(207,7858.47,2,1,2,NULL,1,0.999745497533235,'2015-03-01 18:27:25',304),(208,8462.97,3,1,2,NULL,1,0.999645514517953,'2015-03-01 18:27:25',305),(209,8462.97,3,1,2,NULL,1,0.999645514517953,'2015-03-01 18:27:25',305),(210,9067.47,4,1,2,NULL,1,0.999558862615482,'2015-03-01 18:27:25',306),(211,9067.47,4,1,2,NULL,1,0.999558862615482,'2015-03-01 18:27:25',306),(212,9671.96,5,1,2,NULL,1,0.999483041699924,'2015-03-01 18:27:25',307),(213,9671.96,5,1,2,NULL,1,0.999483041699924,'2015-03-01 18:27:25',307),(214,9671.96,5,1,2,NULL,1,0.999483041699924,'2015-03-01 18:27:25',307),(215,10276.46,6,1,2,NULL,1,0.99941614135607,'2015-03-01 18:27:25',308),(216,10276.46,6,1,2,NULL,1,0.99941614135607,'2015-03-01 18:27:25',308),(217,10880.96,7,1,1,NULL,1,0.999356674411081,'2015-03-01 18:27:25',309),(218,10880.96,7,1,1,NULL,1,0.999356674411081,'2015-03-01 18:27:25',309),(219,11485.46,8,1,1,NULL,1,0.999303467166313,'2015-03-01 18:27:25',310),(220,11485.46,8,1,1,NULL,1,0.999303467166313,'2015-03-01 18:27:25',310),(221,12089.96,5,1,269,NULL,1,0.999586433702014,'2015-03-01 18:27:25',311),(222,12089.96,5,1,269,NULL,1,0.999586433702014,'2015-03-01 18:27:25',311),(223,9.99999977777782,-11.1111113333333,6,14,NULL,1,1,'2015-03-01 19:34:06',427),(224,19.9999997777778,-11.1111113333333,6,2,NULL,1,1,'2015-03-01 19:34:06',428),(225,29.9999997777778,-11.1111113333333,6,1,NULL,1,1,'2015-03-01 19:34:06',429),(226,341.93,300,4,10,NULL,1,0.122627438364578,'2015-03-01 19:34:06',719),(227,425.81,380,4,9,NULL,1,0.107583194382471,'2015-03-01 19:34:06',720),(228,27.87,0.12,4,6,NULL,1,0.995694294940797,'2015-03-01 21:15:49',731),(229,39.3,36,4,7,NULL,1,0.0839694656488549,'2015-03-01 21:33:50',732),(230,86.97,55,4,5,NULL,1,0.367598022306542,'2015-03-01 21:33:50',777),(231,46.08,0.1,4,6,NULL,1,0.997829861111111,'2015-03-01 21:33:50',776),(232,0.03,5,4,2,NULL,1,1,'2015-03-01 21:33:50',830),(233,0.35,4,4,2,NULL,1,1,'2015-03-01 21:33:50',787),(234,1584036.73,6,4,2,NULL,1,0.999996212209044,'2015-03-01 21:33:50',812),(235,107.86,7,4,2,NULL,1,0.935101056925644,'2015-03-01 21:33:50',738),(236,168.76,45,4,3,NULL,1,0.733349134866082,'2015-03-01 21:33:50',779),(237,12504.79,32,4,2,NULL,1,0.997440980616228,'2015-03-01 21:33:50',801),(238,5.18,54,4,2,NULL,1,1,'2015-03-01 21:33:50',775),(239,127.87,25,4,2,NULL,1,0.804488934073669,'2015-03-01 21:33:50',778),(240,16733.75,32,4,3,NULL,1,0.998087697019497,'2015-03-01 21:33:50',802),(241,1954146.03,5,4,2,NULL,1,0.999997441337585,'2015-03-01 21:33:50',813),(242,8.33,25,4,2,NULL,1,1,'2015-03-01 21:33:50',756),(243,209.66,65,4,2,NULL,1,0.689974244014118,'2015-03-01 21:33:50',780),(244,130.71,4,4,2,NULL,1,0.969397903756407,'2015-03-01 21:33:50',740),(245,843818.13,575,4,2,NULL,1,0.999318573541434,'2015-03-01 21:33:50',810),(246,0.47,45,4,2,NULL,1,1,'2015-03-01 21:33:50',789),(247,17.27,654,4,2,NULL,1,1,'2015-03-01 21:33:50',771),(248,52.51,25,4,2,NULL,1,0.523900209483908,'2015-03-01 21:33:50',761),(249,4.78,12,4,2,NULL,1,1,'2015-03-01 21:33:50',763),(250,20962.72,54,4,2,NULL,1,0.99742399841242,'2015-03-01 21:33:50',803),(251,96.43,254,4,3,NULL,1,1,'2015-03-01 21:33:50',737),(252,6.01,54,4,2,NULL,1,1,'2015-03-01 21:33:50',798),(253,0.01,21,4,2,NULL,1,1,'2015-03-01 21:33:50',818),(254,29420.65,0.01,4,1,NULL,1,0.999999660102683,'2015-03-01 21:33:50',805),(255,646.05,14,4,2,NULL,1,0.978329850630756,'2015-03-01 21:33:50',750),(256,0.000001,57,4,2,NULL,1,1,'2015-03-01 21:33:50',817),(257,142.14,7,4,2,NULL,1,0.950752778950331,'2015-03-01 21:33:50',741),(258,0.04,21,4,2,NULL,1,1,'2015-03-01 21:33:50',832),(259,5.49,24,4,2,NULL,1,1,'2015-03-01 21:33:50',744),(260,2.52,74,4,2,NULL,1,1,'2015-03-01 21:33:50',791),(261,14.99,132,5,12,NULL,1,1,'2015-03-02 08:47:47',649),(262,10.56,15,4,11,NULL,1,0.420454545454545,'2015-03-02 08:47:47',770),(263,0.000001,13,4,4,NULL,1,1,'2015-03-02 08:47:47',816),(264,64.59,456,4,3,NULL,1,1,'2015-03-02 08:47:47',762),(265,8275.82,12,4,3,NULL,1,0.998549992629129,'2015-03-02 08:47:47',800),(266,83.05,16,4,3,NULL,1,0.807344972907887,'2015-03-02 08:47:47',767),(267,16.26,75,4,3,NULL,1,1,'2015-03-02 08:47:47',758),(268,0.03,132,4,4,NULL,1,1,'2015-03-02 08:47:47',829),(269,4.01,456,4,3,NULL,1,1,'2015-03-02 08:47:47',794),(270,37.37,12,4,3,NULL,1,0.678886807599679,'2015-03-02 08:47:47',774),(271,0.05,12,4,3,NULL,1,1,'2015-03-02 08:47:47',782),(272,119.29,2,4,3,NULL,1,0.983234135300528,'2015-03-02 08:47:47',739),(273,5.09,3,4,3,NULL,1,0.410609037328094,'2015-03-02 08:47:47',754),(274,448.64,12,4,3,NULL,1,0.973252496433666,'2015-03-02 09:06:29',749),(275,448.64,12,4,3,NULL,1,0.973252496433666,'2015-03-02 09:06:29',749),(276,0.17,12,4,3,NULL,1,1,'2015-03-02 09:06:29',784),(277,0.11,145,4,10,NULL,1,1,'2015-03-02 09:12:02',783),(278,4.18,123,4,3,NULL,1,1,'2015-03-02 09:12:02',757),(279,3.48,12,4,3,NULL,1,1,'2015-03-02 09:12:02',753),(280,37878.58,63,4,3,NULL,1,0.998336790872308,'2015-03-02 09:12:02',807),(281,7.43,12,4,4,NULL,1,0.61507402422611,'2015-03-02 09:12:02',745),(282,0.01,32,4,4,NULL,1,1,'2015-03-02 09:12:02',819),(283,63.48,14,4,3,NULL,1,0.779458097038437,'2015-03-02 09:12:02',766),(284,25191.68,145,4,3,NULL,1,0.994244131395762,'2015-03-02 09:12:02',804),(285,9.36,12,4,3,NULL,1,0.282051282051282,'2015-03-02 09:12:02',746),(286,3.86,2,4,3,NULL,1,0.481865284974093,'2015-03-02 09:12:02',769),(287,102.62,12,4,3,NULL,1,0.883063730267004,'2015-03-02 09:12:02',768),(288,2.02,132,4,60,NULL,1,1,'2015-03-02 09:12:02',790),(289,28.34,145,4,3,NULL,1,1,'2015-03-02 09:12:02',759),(290,30.67,145,4,3,NULL,1,1,'2015-03-02 09:12:02',773),(291,53.82,123,4,4,NULL,1,1,'2015-03-02 09:12:02',747),(292,1.61,45,4,2,NULL,1,1,'2015-03-02 09:12:02',742),(293,6.71,145,4,5,NULL,1,1,'2015-03-02 09:12:02',755),(294,3.55,14,4,3,NULL,1,1,'2015-03-02 09:12:02',743),(295,73.58,14,4,5,NULL,1,0.809730905137266,'2015-03-02 09:12:02',735),(296,50.73,14,4,3,NULL,1,0.724029174058742,'2015-03-02 09:12:02',733),(297,103599.52,145,4,3,NULL,1,0.998600379615658,'2015-03-02 09:12:02',808),(298,1213927.43,145,4,4,NULL,1,0.999880552991541,'2015-03-02 09:12:02',811),(299,85.01,14,4,3,NULL,1,0.835313492530291,'2015-03-02 09:12:02',736),(300,5.51,14,4,3,NULL,1,1,'2015-03-02 09:12:02',797),(301,0.41,145,4,3,NULL,1,1,'2015-03-02 09:12:02',788),(302,1.86,1325,4,4,NULL,1,1,'2015-03-02 09:12:02',752),(303,5.01,25,4,3,NULL,1,1,'2015-03-02 09:12:02',796),(304,0.01,15,4,11,NULL,1,1,'2015-03-02 09:12:02',824),(305,0.03,255,4,2,NULL,1,1,'2015-03-02 09:12:02',831),(306,0.01,255,4,3,NULL,1,1,'2015-03-02 09:12:02',825),(307,0.01,25,4,2,NULL,1,1,'2015-03-02 09:12:02',820),(308,43.92,145,4,3,NULL,1,1,'2015-03-02 09:12:02',765),(309,23.97,24,4,4,NULL,1,0.00125156445556951,'2015-03-02 09:12:02',772),(310,0.000001,145,4,3,NULL,1,1,'2015-03-02 09:12:02',822),(311,843.46,145,4,3,NULL,1,0.828089061721955,'2015-03-02 09:12:02',751),(312,36.39,-0.01,1,6,NULL,1,1,'2015-03-02 17:07:00',366),(313,305,85,9,184,NULL,0,0.721311475409836,'2015-03-02 19:21:41',1081),(314,350,350,9,7,NULL,0,0,'2015-03-02 19:21:41',1071),(315,163,160,9,8,NULL,0,0.0184049079754601,'2015-03-02 19:21:41',1067),(316,90.77,132,5,4,NULL,1,0.454224964195219,'2015-03-02 19:21:41',685),(317,154,150,9,12,NULL,0,0.025974025974026,'2015-03-02 19:21:41',1065),(318,341,150,9,8,NULL,0,0.560117302052786,'2015-03-03 08:47:14',1073),(319,30,20,10,9,NULL,0,0.333333333333333,'2015-03-03 08:56:08',1148),(320,75,87,10,12,NULL,0,0.16,'2015-03-03 08:56:08',1157),(321,20,20,10,5,NULL,0,0,'2015-03-03 08:56:08',1146),(322,50,50,10,7,NULL,0,0,'2015-03-03 08:56:08',1152),(323,1526.49,14,1,9,NULL,1,0.99082863300775,'2015-03-03 13:27:14',377),(324,29.99,145,1,4,NULL,1,1,'2015-03-04 09:16:27',330),(325,1371.57,1350,1,24,NULL,1,0.015726503204357,'2015-03-04 09:18:16',416);
/*!40000 ALTER TABLE `learning_floatmodel` ENABLE KEYS */;
UNLOCK TABLES;

--
-- Table structure for table `learning_params`
--

DROP TABLE IF EXISTS `learning_params`;
/*!40101 SET @saved_cs_client     = @@character_set_client */;
/*!40101 SET character_set_client = utf8 */;
CREATE TABLE `learning_params` (
  `id` int(11) NOT NULL AUTO_INCREMENT,
  `param` varchar(20) NOT NULL,
  PRIMARY KEY (`id`),
  UNIQUE KEY `param` (`param`)
) ENGINE=InnoDB AUTO_INCREMENT=51 DEFAULT CHARSET=latin1;
/*!40101 SET character_set_client = @saved_cs_client */;

--
-- Dumping data for table `learning_params`
--

LOCK TABLES `learning_params` WRITE;
/*!40000 ALTER TABLE `learning_params` DISABLE KEYS */;
INSERT INTO `learning_params` VALUES (48,'-1'),(49,'50'),(50,'96'),(34,'acre'),(43,'are'),(5,'CHF'),(12,'cm'),(19,'cm**2'),(35,'cm**3'),(32,'cup'),(8,'CZK'),(11,'degC'),(10,'degF'),(41,'dl'),(13,'dm'),(20,'dm**2'),(36,'dm**3'),(1,'EUR'),(18,'ft'),(23,'ft**2'),(30,'ft**3'),(6,'GBP'),(42,'hl'),(4,'HUF'),(17,'inch'),(25,'inch**2'),(29,'inch**3'),(46,'inn'),(9,'kelvin'),(15,'km'),(22,'km**2'),(38,'km**3'),(40,'l'),(14,'m'),(21,'m**2'),(37,'m**3'),(16,'mile'),(24,'mile**2'),(39,'ml'),(47,'out'),(26,'pint'),(3,'PLN'),(45,'quart'),(7,'RUB'),(44,'tbsp'),(2,'USD'),(27,'yard'),(28,'yard**2'),(31,'yard**3');
/*!40000 ALTER TABLE `learning_params` ENABLE KEYS */;
UNLOCK TABLES;

--
-- Table structure for table `learning_questions`
--

DROP TABLE IF EXISTS `learning_questions`;
/*!40101 SET @saved_cs_client     = @@character_set_client */;
/*!40101 SET character_set_client = utf8 */;
CREATE TABLE `learning_questions` (
  `id` int(11) NOT NULL AUTO_INCREMENT,
  `question` double NOT NULL,
  PRIMARY KEY (`id`),
  UNIQUE KEY `question` (`question`)
) ENGINE=InnoDB AUTO_INCREMENT=510 DEFAULT CHARSET=latin1;
/*!40101 SET character_set_client = @saved_cs_client */;

--
-- Dumping data for table `learning_questions`
--

LOCK TABLES `learning_questions` WRITE;
/*!40000 ALTER TABLE `learning_questions` DISABLE KEYS */;
INSERT INTO `learning_questions` VALUES (61,-5),(63,-2.5),(64,0),(261,2),(65,2.5),(220,3),(321,3.26),(345,3.89),(248,4),(221,4.23),(268,4.46),(322,4.52),(346,4.78),(379,4.79),(66,5),(222,5.46),(380,5.58),(347,5.67),(323,5.78),(354,6),(381,6.37),(348,6.56),(223,6.69),(269,6.92),(184,7),(324,7.04),(382,7.16),(349,7.45),(67,7.5),(224,7.92),(383,7.95),(420,8.21),(325,8.3),(350,8.34),(384,8.74),(185,9),(225,9.15),(351,9.23),(270,9.38),(385,9.53),(326,9.56),(36,10),(372,10.12),(386,10.32),(226,10.38),(327,10.82),(186,11),(353,11.01),(387,11.11),(227,11.61),(271,11.84),(388,11.9),(37,12),(328,12.08),(68,12.5),(389,12.69),(228,12.84),(339,12.94),(187,13),(329,13.34),(421,13.42),(390,13.48),(355,13.61),(333,13.72),(38,14),(229,14.07),(391,14.27),(272,14.3),(469,14.5),(449,14.58),(330,14.6),(69,15),(392,15.06),(366,15.21),(230,15.3),(393,15.85),(331,15.86),(39,16),(231,16.53),(394,16.64),(273,16.76),(188,17),(332,17.12),(70,17.5),(262,17.79),(411,17.96),(40,18),(373,18.24),(296,18.29),(422,18.63),(176,19),(438,19.19),(274,19.22),(242,19.45),(41,20),(450,20.16),(249,20.36),(401,20.42),(189,21),(356,21.22),(367,21.42),(275,21.68),(340,21.88),(42,22),(334,22.44),(71,22.5),(78,23),(232,23.34),(470,23.5),(423,23.84),(43,24),(72,25),(451,25.74),(44,26),(374,26.36),(412,26.92),(177,27),(255,27.36),(439,27.38),(73,27.5),(368,27.63),(45,28),(428,28.19),(215,28.34),(360,28.41),(357,28.83),(200,29),(424,29.05),(402,29.84),(46,30),(341,30.82),(178,31),(335,31.16),(452,31.32),(47,32),(74,32.5),(297,32.58),(79,33),(263,33.58),(369,33.84),(243,33.9),(48,34),(458,34.19),(425,34.26),(375,34.48),(75,35),(440,35.57),(413,35.88),(49,36),(429,36.38),(358,36.44),(250,36.72),(453,36.9),(198,37),(237,37.42),(76,37.5),(50,38),(179,39),(403,39.26),(426,39.47),(342,39.76),(336,39.88),(51,40),(370,40.05),(361,40.82),(201,41),(471,41.5),(233,41.68),(52,42),(454,42.48),(77,42.5),(376,42.6),(216,42.68),(80,43),(62,43.5),(441,43.76),(53,44),(359,44.05),(430,44.57),(427,44.68),(256,44.72),(414,44.84),(506,45),(54,46),(371,46.26),(459,46.38),(298,46.87),(180,47),(55,48),(455,48.06),(244,48.35),(337,48.6),(404,48.68),(343,48.7),(207,49),(264,49.37),(56,50),(472,50.5),(377,50.72),(181,51),(442,51.95),(57,52),(431,52.76),(81,53),(251,53.08),(362,53.23),(456,53.64),(415,53.8),(58,54),(238,54.84),(182,55),(59,56),(195,57),(217,57.02),(338,57.32),(344,57.64),(60,58),(405,58.1),(460,58.57),(378,58.84),(183,59),(457,59.22),(473,59.5),(507,60),(234,60.02),(443,60.14),(432,60.95),(299,61.16),(163,62),(257,62.08),(416,62.76),(245,62.8),(82,63),(474,64),(202,65),(265,65.16),(363,65.64),(191,66),(190,67),(406,67.52),(83,68),(444,68.33),(475,68.5),(213,69),(433,69.14),(252,69.44),(196,70),(461,70.76),(218,71.36),(417,71.72),(239,72.26),(84,73),(164,74),(508,75),(300,75.45),(445,76.52),(407,76.94),(203,77),(246,77.25),(434,77.33),(476,77.5),(85,78),(364,78.05),(235,78.36),(212,79),(258,79.44),(165,80),(418,80.68),(266,80.95),(495,81),(192,82),(303,82.14),(462,82.95),(86,83),(446,84.71),(509,85),(435,85.52),(219,85.7),(253,85.8),(166,86),(408,86.36),(477,86.5),(214,87),(87,88),(204,89),(419,89.64),(240,89.68),(301,89.74),(193,90),(365,90.46),(208,91),(247,91.7),(167,92),(447,92.9),(88,93),(436,93.71),(211,95),(463,95.14),(478,95.5),(409,95.78),(197,96),(236,96.7),(267,96.74),(259,96.8),(199,97),(89,98),(286,100),(205,101),(448,101.09),(437,101.9),(254,102.16),(90,103),(168,104),(302,104.03),(479,104.5),(209,105),(410,105.2),(194,106),(241,107.1),(464,107.33),(91,108),(480,109),(169,110),(109,113),(481,113.5),(260,114.16),(304,114.28),(170,116),(110,118),(210,119),(465,119.52),(496,121),(171,122),(482,122.5),(111,123),(206,125),(483,127),(112,128),(395,128.53),(497,129),(484,131.5),(466,131.71),(113,133),(172,134),(485,136),(498,137),(114,138),(173,140),(486,140.5),(115,143),(467,143.9),(504,144),(487,145),(174,146),(305,146.42),(116,148),(488,149.5),(175,152),(117,153),(489,154),(468,156.09),(118,158),(490,158.5),(499,161),(119,163),(491,167.5),(120,168),(500,169),(492,172),(121,173),(493,176.5),(501,177),(122,178),(306,178.56),(494,181),(123,183),(502,185),(310,185.14),(124,188),(125,193),(505,196),(126,198),(503,201),(127,203),(287,204.5),(396,207.06),(128,208),(307,210.7),(129,213),(130,218),(131,223),(132,228),(133,233),(134,238),(308,242.84),(135,243),(136,248),(137,253),(138,258),(139,263),(92,268),(311,270.28),(93,271),(140,273),(94,274),(309,274.98),(95,277),(141,278),(96,280),(97,283),(397,285.59),(98,286),(142,288),(99,289),(100,292),(143,293),(101,295),(102,298),(1,300),(103,301),(144,303),(104,304),(105,307),(145,308),(288,309),(106,310),(107,313),(108,316),(146,318),(147,323),(148,328),(149,333),(2,338),(150,343),(151,348),(152,353),(312,355.42),(153,358),(154,363),(398,364.12),(155,368),(156,373),(3,376),(157,378),(158,383),(159,388),(160,393),(161,398),(162,403),(289,413.5),(4,414),(313,440.56),(399,442.65),(5,452),(6,490),(276,500),(290,518),(400,521.18),(314,525.7),(7,528),(8,566),(9,604),(315,610.84),(291,622.5),(277,623),(10,642),(11,680),(316,695.98),(12,718),(292,727),(278,746),(13,756),(317,781.12),(14,794),(293,831.5),(15,832),(318,866.26),(279,869),(16,870),(17,908),(294,936),(18,946),(319,951.4),(19,984),(280,992),(20,1022),(320,1036.54),(295,1040.5),(21,1060),(22,1098),(281,1115),(23,1136),(24,1174),(25,1212),(282,1238),(26,1250),(27,1288),(28,1326),(283,1361),(29,1364),(30,1402),(31,1440),(32,1478),(284,1484),(33,1516),(34,1554),(35,1592),(285,1607);
/*!40000 ALTER TABLE `learning_questions` ENABLE KEYS */;
UNLOCK TABLES;

--
-- Table structure for table `learning_type`
--

DROP TABLE IF EXISTS `learning_type`;
/*!40101 SET @saved_cs_client     = @@character_set_client */;
/*!40101 SET character_set_client = utf8 */;
CREATE TABLE `learning_type` (
  `id` int(11) NOT NULL AUTO_INCREMENT,
  `type` varchar(8) NOT NULL,
  PRIMARY KEY (`id`),
  UNIQUE KEY `type` (`type`)
) ENGINE=InnoDB AUTO_INCREMENT=11 DEFAULT CHARSET=latin1;
/*!40101 SET character_set_client = @saved_cs_client */;

--
-- Dumping data for table `learning_type`
--

LOCK TABLES `learning_type` WRITE;
/*!40000 ALTER TABLE `learning_type` DISABLE KEYS */;
INSERT INTO `learning_type` VALUES (9,'angle'),(2,'c'),(1,'e'),(7,'equa'),(5,'len'),(8,'sqrt'),(4,'surf'),(6,'temp'),(3,'vol'),(10,'water');
/*!40000 ALTER TABLE `learning_type` ENABLE KEYS */;
UNLOCK TABLES;

--
-- Table structure for table `learning_userskill`
--

DROP TABLE IF EXISTS `learning_userskill`;
/*!40101 SET @saved_cs_client     = @@character_set_client */;
/*!40101 SET character_set_client = utf8 */;
CREATE TABLE `learning_userskill` (
  `id` int(11) NOT NULL AUTO_INCREMENT,
  `user_id` int(11) NOT NULL,
  `skill` double NOT NULL,
  `type_id` int(11) NOT NULL,
  PRIMARY KEY (`id`),
  KEY `learning_userskill_6340c63c` (`user_id`),
  KEY `learning_userskill_403d8ff3` (`type_id`),
  CONSTRAINT `type_id_refs_id_6ac9be06afcd8f02` FOREIGN KEY (`type_id`) REFERENCES `learning_type` (`id`),
  CONSTRAINT `user_id_refs_id_36ffc26e7528aad` FOREIGN KEY (`user_id`) REFERENCES `auth_user` (`id`)
) ENGINE=InnoDB DEFAULT CHARSET=latin1;
/*!40101 SET character_set_client = @saved_cs_client */;

--
-- Dumping data for table `learning_userskill`
--

LOCK TABLES `learning_userskill` WRITE;
/*!40000 ALTER TABLE `learning_userskill` DISABLE KEYS */;
/*!40000 ALTER TABLE `learning_userskill` ENABLE KEYS */;
UNLOCK TABLES;

--
-- Table structure for table `south_migrationhistory`
--

DROP TABLE IF EXISTS `south_migrationhistory`;
/*!40101 SET @saved_cs_client     = @@character_set_client */;
/*!40101 SET character_set_client = utf8 */;
CREATE TABLE `south_migrationhistory` (
  `id` int(11) NOT NULL AUTO_INCREMENT,
  `app_name` varchar(255) NOT NULL,
  `migration` varchar(255) NOT NULL,
  `applied` datetime NOT NULL,
  PRIMARY KEY (`id`)
) ENGINE=InnoDB AUTO_INCREMENT=4 DEFAULT CHARSET=latin1;
/*!40101 SET character_set_client = @saved_cs_client */;

--
-- Dumping data for table `south_migrationhistory`
--

LOCK TABLES `south_migrationhistory` WRITE;
/*!40000 ALTER TABLE `south_migrationhistory` DISABLE KEYS */;
INSERT INTO `south_migrationhistory` VALUES (1,'learning','0001_initial','2015-02-27 15:41:50'),(2,'learning','0002_auto__chg_field_concept_param1','2015-02-27 20:07:24'),(3,'learning','0003_auto__del_field_floatmodel_question__del_field_floatmodel_params__add_','2015-02-27 20:44:35');
/*!40000 ALTER TABLE `south_migrationhistory` ENABLE KEYS */;
UNLOCK TABLES;
/*!40103 SET TIME_ZONE=@OLD_TIME_ZONE */;

/*!40101 SET SQL_MODE=@OLD_SQL_MODE */;
/*!40014 SET FOREIGN_KEY_CHECKS=@OLD_FOREIGN_KEY_CHECKS */;
/*!40014 SET UNIQUE_CHECKS=@OLD_UNIQUE_CHECKS */;
/*!40101 SET CHARACTER_SET_CLIENT=@OLD_CHARACTER_SET_CLIENT */;
/*!40101 SET CHARACTER_SET_RESULTS=@OLD_CHARACTER_SET_RESULTS */;
/*!40101 SET COLLATION_CONNECTION=@OLD_COLLATION_CONNECTION */;
/*!40111 SET SQL_NOTES=@OLD_SQL_NOTES */;

-- Dump completed on 2015-03-04 10:58:31
